"","FishNumber","Year","Lat","Long","ShipFL","MEC_Radius","Total_Radius","Age","Stock","Data"
"1","2",2014,50.2905333333333,-125.3198,100,584.36,652.16,1,"DollyVarden_Cr","JS"
"2","3",2014,50.2905333333333,-125.3198,128,674.21,761.63,1,"DollyVarden_Cr","JS"
"3","4",2014,50.2905333333333,-125.3198,103,631.92,688.99,1,"Chilko","JS"
"4","8",2014,50.2905333333333,-125.3198,114,672.4,701.45,1,"Nadina","JS"
"5","10",2014,50.2905333333333,-125.3198,103,648.45,721.91,1,"DollyVarden_Cr","JS"
"6","11",2014,50.3948166666667,-125.337116666667,128,517.17,629.08,1,"Pitt","JS"
"7","12",2014,50.3948166666667,-125.337116666667,89,549.67,597.31,1,"DollyVarden_Cr","JS"
"8","22",2014,50.4000833333333,-125.335516666667,173,824.72,898.7,2,"Chilko","JS"
"9","25",2014,50.4000833333333,-125.335516666667,130,663.96,764.76,1,"Birkenhead","JS"
"10","26",2014,50.4000833333333,-125.335516666667,123,654.92,738.61,1,"Pitt","JS"
"11","27",2014,50.3924,-125.3274,154,667.81,791.6,2,"Chilko","JS"
"12","29",2014,50.3924,-125.3274,128,673.58,788.03,2,"Birkenhead","JS"
"13","32",2014,50.2953333333333,-125.407916666667,126,627.58,712.47,1,"DollyVarden_Cr","JS"
"14","33",2014,50.2953333333333,-125.407916666667,133,668.88,712.59,1,"Nadina","JS"
"15","35",2014,50.2953333333333,-125.407916666667,151,749.2,783.27,2,"Chilko","JS"
"16","36",2014,50.2953333333333,-125.407916666667,152,665.37,794.06,1,"Chilko","JS"
"17","37",2014,50.261,-125.358466666667,124,594.17,699.31,1,"Birkenhead","JS"
"18","39",2014,50.299,-125.3355,123,646.74,691.64,1,"Nadina","JS"
"19","40",2014,50.299,-125.3355,122,607.88,682.91,1,"Chilko","JS"
"20","42",2014,50.299,-125.3355,126,628.69,705.91,1,"Nadina","JS"
"21","45",2014,50.299,-125.3355,118,652.21,715.74,1,"Pitt","JS"
"22","47",2014,50.299,-125.3355,128,554.77,682.92,1,"Pitt","JS"
"23","48",2014,50.299,-125.3355,134,606.83,707.59,1,"Chilko","JS"
"24","49",2014,50.299,-125.3355,129,592.04,674.19,1,"Chilko","JS"
"25","50",2014,50.299,-125.3355,136,618.06,731.49,1,"Chilko","JS"
"26","51",2014,50.299,-125.3355,147,618.26,729.43,1,"Chilko","JS"
"27","52",2014,50.299,-125.3355,127,611.08,664.92,2,"Chilko","JS"
"28","53",2014,50.299,-125.3355,122,584.98,629.35,1,"Nadina","JS"
"29","54",2014,50.299,-125.3355,127,627.04,675.77,1,"Nadina","JS"
"30","55",2014,50.299,-125.3355,116,611.32,706.87,1,"DollyVarden_Cr","JS"
"31","56",2014,50.299,-125.3355,146,649.03,731.19,1,"Chilko","JS"
"32","58",2014,50.299,-125.3355,126,594.87,683.61,1,"Chilko","JS"
"33","59",2014,50.299,-125.3355,140,608.45,716.33,2,"Chilko","JS"
"34","61",2014,50.2877833333333,-125.355,125,595.01,689.8,2,"Chilko","JS"
"35","62",2014,50.2877833333333,-125.355,129,586.5,689.46,1,"DollyVarden_Cr","JS"
"36","63",2014,50.2877833333333,-125.355,142,658.85,768.93,1,"Chilko","JS"
"37","68",2014,50.2877833333333,-125.355,136,565.68,689.68,2,"Chilko","JS"
"38","70",2014,50.2877833333333,-125.355,116,572.62,672.89,1,"Chilko","JS"
"39","71",2014,50.2877833333333,-125.355,140,564.1,680.21,2,"Chilko","JS"
"40","72",2014,50.2877833333333,-125.355,132,627.75,757.72,1,"Chilko","JS"
"41","73",2014,50.2877833333333,-125.355,110,595.54,685.37,1,"DollyVarden_Cr","JS"
"42","74",2014,50.2877833333333,-125.355,124,689.46,750.25,2,"Birkenhead","JS"
"43","76",2014,50.2877833333333,-125.355,125,614.99,685.54,1,"Chilko","JS"
"44","79",2014,50.2877833333333,-125.355,122,709.78,794.12,1,"Birkenhead","JS"
"45","80",2014,50.2877833333333,-125.355,122,653.9,703.18,1,"Nadina","JS"
"46","81",2014,50.2877833333333,-125.355,108,584.46,674.32,1,"DollyVarden_Cr","JS"
"47","82",2014,50.2877833333333,-125.355,128,693.83,775.98,1,"Nadina","JS"
"48","84",2014,50.31275,-125.4076,129,592.29,694.74,1,"Chilko","JS"
"49","85",2014,50.31275,-125.4076,128,621.3,700.53,1,"Chilko","JS"
"50","86",2014,50.31275,-125.4076,142,637.17,757.71,1,"DollyVarden_Cr","JS"
"51","92",2014,50.31275,-125.4076,121,707.93,790.67,1,"Birkenhead","JS"
"52","95",2014,50.31275,-125.4076,119,616.14,726.45,1,"DollyVarden_Cr","JS"
"53","96",2014,50.31275,-125.4076,110,635.8,704.81,1,"Chilko","JS"
"54","97",2014,50.31275,-125.4076,129,655.81,710.05,1,"Chilko","JS"
"55","100",2014,50.31275,-125.4076,114,562.96,645.11,1,"Chilko","JS"
"56","102",2014,50.31275,-125.4076,134,686.27,767.33,1,"Nadina","JS"
"57","103",2014,50.31275,-125.4076,125,582.67,655.51,2,"Nadina","JS"
"58","104",2014,50.31275,-125.4076,121,577.21,654.98,1,"Nadina","JS"
"59","105",2014,50.3468166666667,-125.401516666667,128,658.53,749.48,1,"Chilko","JS"
"60","106",2014,50.3468166666667,-125.401516666667,135,674.04,735.41,1,"Nadina","JS"
"61","107",2014,50.3468166666667,-125.401516666667,115,665.35,713.57,1,"Nadina","JS"
"62","108",2014,50.3468166666667,-125.401516666667,130,654.4,722.31,1,"Nadina","JS"
"63","109",2014,50.3954,-125.3416,141,679.33,755.29,1,"Nadina","JS"
"64","110",2014,50.3954,-125.3416,126,609.5,660.98,1,"Nadina","JS"
"65","112",2014,50.3954,-125.3416,154,778.27,836.96,2,"Chilko","JS"
"66","113",2014,50.39345,-125.326,132,607.58,684.28,1,"Nadina","JS"
"67","114",2014,50.39345,-125.326,125,590.88,700.41,1,"DollyVarden_Cr","JS"
"68","115",2014,50.39345,-125.326,135,668.31,754.86,1,"Nadina","JS"
"69","116",2014,50.39345,-125.326,125,558.58,665.92,1,"Chilko","JS"
"70","117",2014,50.36575,-125.6657,140,627.28,741.32,2,"Birkenhead","JS"
"71","119",2014,50.36575,-125.6657,131,654.28,732.64,1,"Chilko","JS"
"72","120",2014,50.36575,-125.6657,143,577.86,702.2,1,"Chilko","JS"
"73","121",2014,50.36575,-125.6657,133,672.3,729.83,1,"Nadina","JS"
"74","122",2014,50.36575,-125.6657,128,636.33,707.52,1,"Nadina","JS"
"75","124",2014,50.36575,-125.6657,132,620.48,657.37,1,"Nadina","JS"
"76","127",2014,50.36575,-125.6657,150,629.39,754.28,1,"Birkenhead","JS"
"77","128",2014,50.36575,-125.6657,140,683.35,773.76,1,"Pitt","JS"
"78","129",2014,50.36575,-125.6657,130,624.03,719.9,1,"Chilko","JS"
"79","130",2014,50.36575,-125.6657,120,642.36,719.02,1,"Nadina","JS"
"80","131",2014,50.36575,-125.6657,121,591.44,694.95,1,"Chilko","JS"
"81","132",2014,50.36575,-125.6657,138,671.29,746.96,1,"Nadina","JS"
"82","134",2014,50.36575,-125.6657,135,679.6,745.86,1,"Pitt","JS"
"83","135",2014,50.36575,-125.6657,115,567.93,643.52,1,"Chilko","JS"
"84","137",2014,50.36575,-125.6657,124,649.66,725.79,1,"Nadina","JS"
"85","140",2014,50.36575,-125.6657,124,656.71,744.89,2,"Pitt","JS"
"86","141",2014,50.36575,-125.6657,142,621.23,715.46,1,"Chilko","JS"
"87","144",2014,50.36575,-125.6657,140,651.19,735.61,1,"Chilko","JS"
"88","146",2014,50.36575,-125.6657,128,573.76,716.29,1,"Birkenhead","JS"
"89","147",2014,50.42,-125.305016666667,138,597.78,717.77,1,"DollyVarden_Cr","JS"
"90","149",2014,50.42,-125.305016666667,118,566.91,683.23,1,"Chilko","JS"
"91","150",2014,50.42,-125.305016666667,129,609.5,733.81,1,"DollyVarden_Cr","JS"
"92","151",2014,50.42,-125.305016666667,133,684.85,762.7,1,"Pitt","JS"
"93","154",2014,50.42,-125.305016666667,134,675.26,727.3,1,"Nadina","JS"
"94","156",2014,50.42,-125.305016666667,126,636.91,711.94,1,"Nadina","JS"
"95","157",2014,50.42,-125.305016666667,140,632.77,734.72,2,"Pitt","JS"
"96","158",2014,50.29025,-125.31695,124,658.81,774.91,1,"DollyVarden_Cr","JS"
"97","159",2014,50.2247166666667,-125.38995,120,581.53,659.96,1,"Nadina","JS"
"98","162",2014,50.2247166666667,-125.38995,126,606.21,751.33,1,"Birkenhead","JS"
"99","164",2014,50.2247166666667,-125.38995,132,631.95,730.52,1,"DollyVarden_Cr","JS"
"100","165",2014,50.2247166666667,-125.38995,125,606.76,706.98,2,"Chilko","JS"
"101","167",2014,50.2247166666667,-125.38995,151,672.87,801.86,1,"Birkenhead","JS"
"102","168",2014,50.2247166666667,-125.38995,127,601.01,682.65,2,"Chilko","JS"
"103","169",2014,50.2247166666667,-125.38995,123,607.53,714.93,1,"Pitt","JS"
"104","175",2014,50.1967333333333,-125.357683333333,137,830.19,879.48,2,"Chilko","JS"
"105","176",2014,50.1967333333333,-125.357683333333,118,670.56,762.05,1,"Birkenhead","JS"
"106","180",2014,50.3025666666667,-125.3093,111,624.3,739.3,1,"Birkenhead","JS"
"107","183",2014,50.3025666666667,-125.3093,104,631.44,710.31,1,"Chilko","JS"
"108","185",2014,50.3025666666667,-125.3093,126,645.65,724.51,1,"Birkenhead","JS"
"109","187",2014,50.3025666666667,-125.3093,175,973.47,1028.38,2,"Birkenhead","JS"
"110","188",2014,50.3025666666667,-125.3093,122,601.91,687.35,1,"Birkenhead","JS"
"111","189",2014,50.3025666666667,-125.3093,103,668.64,741.48,1,"Birkenhead","JS"
"112","191",2014,50.3025666666667,-125.3093,113,586.5,699.86,1,"Birkenhead","JS"
"113","193",2014,50.3025666666667,-125.3093,122,621.55,723.4,1,"Chilko","JS"
"114","196",2014,50.3025666666667,-125.3093,119,606.62,713.51,1,"DollyVarden_Cr","JS"
"115","198",2014,50.3025666666667,-125.3093,114,650.73,744.78,1,"Birkenhead","JS"
"116","199",2014,50.3025666666667,-125.3093,122,647.84,755.73,1,"Chilko","JS"
"117","206",2014,50.3974,-125.3402,120,604.02,732.17,1,"DollyVarden_Cr","JS"
"118","207",2014,50.3974,-125.3402,115,587.67,677.49,1,"Chilko","JS"
"119","210",2014,50.3974,-125.3402,110,566.79,666.45,1,"DollyVarden_Cr","JS"
"120","211",2014,50.4662666666667,-126.047983333333,127,555.84,665.91,1,"DollyVarden_Cr","JS"
"121","212",2014,50.4662666666667,-126.047983333333,116,595.26,720.12,1,"DollyVarden_Cr","JS"
"122","213",2014,50.4662666666667,-126.047983333333,123,586.36,732.26,1,"DollyVarden_Cr","JS"
"123","215",2014,50.4662666666667,-126.047983333333,118,672.49,740.94,1,"Nadina","JS"
"124","222",2014,50.4245333333333,-126.0092,122,625.93,720.67,1,"Chilko","JS"
"125","223",2014,50.4245333333333,-126.0092,132,720.24,771.73,1,"Chilko","JS"
"126","224",2014,50.4245333333333,-126.0092,138,616.09,708.09,1,"Chilko","JS"
"127","225",2014,50.4245333333333,-126.0092,134,650.57,755.17,1,"Birkenhead","JS"
"128","227",2014,50.4245333333333,-126.0092,136,660.45,773.26,1,"Birkenhead","JS"
"129","228",2014,50.4245333333333,-126.0092,123,577.19,708.07,1,"DollyVarden_Cr","JS"
"130","229",2014,50.4245333333333,-126.0092,147,561.52,690.25,1,"Chilko","JS"
"131","231",2014,50.4245333333333,-126.0092,137,614.79,708.47,1,"Pitt","JS"
"132","232",2014,50.4245333333333,-126.0092,142,667.61,761.8,1,"Pitt","JS"
"133","233",2014,50.4245333333333,-126.0092,137,628.54,763.34,1,"Chilko","JS"
"134","238",2014,50.4245333333333,-126.0092,133,659.75,705.78,1,"Nadina","JS"
"135","240",2014,50.4245333333333,-126.0092,143,632.82,719.96,1,"Chilko","JS"
"136","243",2014,50.2876,-125.358066666667,116,601.29,691.64,1,"Birkenhead","JS"
"137","244",2014,50.2876,-125.358066666667,105,604.92,694.65,1,"Birkenhead","JS"
"138","247",2014,50.2876,-125.358066666667,107,580.48,690.55,1,"DollyVarden_Cr","JS"
"139","248",2014,50.2876,-125.358066666667,116,558.57,703.69,1,"DollyVarden_Cr","JS"
"140","251",2014,50.2876,-125.358066666667,115,656.71,734.48,1,"Birkenhead","JS"
"141","252",2014,50.2876,-125.358066666667,109,587.08,694.73,1,"DollyVarden_Cr","JS"
"142","253",2014,50.2876,-125.358066666667,112,596.95,676.91,1,"Chilko","JS"
"143","255",2014,50.2876,-125.358066666667,117,608.27,700.33,1,"DollyVarden_Cr","JS"
"144","258",2014,50.2876,-125.358066666667,108,596.54,680.9,1,"Chilko","JS"
"145","262",2014,50.1781333333333,-125.33725,141,611.69,768.86,1,"DollyVarden_Cr","JS"
"146","263",2014,50.30535,-125.317583333333,133,684.17,748.25,1,"Nadina","JS"
"147","269",2014,50.45215,-126.087533333333,113,598.07,724.04,1,"DollyVarden_Cr","JS"
"148","272",2014,50.3687166666667,-125.645533333333,136,573.36,693.83,1,"Chilko","JS"
"149","273",2014,50.3051166666667,-125.317016666667,107,565.34,695.79,1,"DollyVarden_Cr","JS"
"150","289",2014,50.4623166666667,-125.07745,142,699.15,824.24,1,"Nadina","JS"
"151","290",2014,50.4741166666667,-126.072316666667,131,570.92,764.07,1,"DollyVarden_Cr","JS"
"152","293",2014,50.45345,-126.0924,136,658.29,779.32,1,"Chilko","JS"
"153","7",2015,50.3048666666667,-125.3325,101,625,676,1,"U_Horsefly","JS"
"154","8",2015,50.3048666666667,-125.3325,105,583,643,1,"Chilko","JS"
"155","10",2015,50.3048666666667,-125.3325,98,571,637,1,"L_Adams","JS"
"156","11",2015,50.3048666666667,-125.3325,102,606,669,1,"L_Adams","JS"
"157","13",2015,50.3048666666667,-125.3325,100,585,644,1,"Pitt","JS"
"158","16",2015,50.3048666666667,-125.3325,101,594,656,1,"Chilko","JS"
"159","18",2015,50.3048666666667,-125.3325,97,574,630,1,"Mitchell","JS"
"160","23",2015,50.3048666666667,-125.3325,108,642,699,1,"Quesnel_Decept","JS"
"161","25",2015,50.3048666666667,-125.3325,111,645,668,1,"Nadina","JS"
"162","26",2015,50.3048666666667,-125.3325,112,614,661,1,"L_Adams","JS"
"163","29",2015,50.3048666666667,-125.3325,109,730,768,1,"Birkenhead","JS"
"164","31",2015,50.3048666666667,-125.3325,119,635,710,1,"U_Horsefly","JS"
"165","33",2015,50.3048666666667,-125.3325,103,595,653,1,"Mitchell","JS"
"166","35",2015,50.3048666666667,-125.3325,101,631,683,1,"Quesnel_Decept","JS"
"167","55",2015,50.3048666666667,-125.3325,136,619,702,1,"Mitchell","JS"
"168","57",2015,50.2867166666667,-125.361433333333,94,544,624,1,"Chilko","JS"
"169","60",2015,50.2867166666667,-125.361433333333,111,671,711,1,"L_Adams","JS"
"170","61",2015,50.2867166666667,-125.361433333333,99,643,666,1,"Stellako","JS"
"171","66",2015,50.2867166666667,-125.361433333333,102,623,659,1,"Mitchell","JS"
"172","69",2015,50.2867166666667,-125.361433333333,115,645,665,1,"Quesnel_Decept","JS"
"173","70",2015,50.2867166666667,-125.361433333333,92,590,628,1,"U_Horsefly","JS"
"174","76",2015,50.2867166666667,-125.361433333333,102,557,647,1,"U_Horsefly","JS"
"175","77",2015,50.2867166666667,-125.361433333333,108,577,635,1,"Mitchell","JS"
"176","78",2015,50.2867166666667,-125.361433333333,109,552,631,1,"Chilko_south","JS"
"177","81",2015,50.2867166666667,-125.361433333333,96,591,641,1,"U_Horsefly","JS"
"178","84",2015,50.2867166666667,-125.361433333333,107,617,656,1,"Birkenhead","JS"
"179","122",2015,50.3537,-125.382183333333,104,521,595,1,"Chilko","JS"
"180","124",2015,50.3537,-125.382183333333,99,539,611,1,"L_Adams","JS"
"181","125",2015,50.3537,-125.382183333333,95,541,600,1,"Mitchell","JS"
"182","126",2015,50.3537,-125.382183333333,102,584,661,1,"Chilko","JS"
"183","128",2015,50.3537,-125.382183333333,103,539,616,1,"Chilko","JS"
"184","129",2015,50.3537,-125.382183333333,110,600,688,1,"Chilko","JS"
"185","131",2015,50.3537,-125.382183333333,104,618,658,1,"Nadina","JS"
"186","135",2015,50.3537,-125.382183333333,109,554,620,1,"L_Adams","JS"
"187","136",2015,50.3537,-125.382183333333,106,619,678,1,"Pitt","JS"
"188","137",2015,50.3537,-125.382183333333,124,663,749,1,"Quesnel_Mitche","JS"
"189","139",2015,50.3537,-125.382183333333,96,521,581,1,"Chilko","JS"
"190","154",2015,50.4510166666667,-126.091683333333,103,556,622,1,"L_Adams","JS"
"191","155",2015,50.4510166666667,-126.091683333333,117,640,691,1,"Quesnel_Decept","JS"
"192","156",2015,50.4510166666667,-126.091683333333,100,587,672,1,"Chilko","JS"
"193","158",2015,50.4510166666667,-126.091683333333,99,565,636,1,"L_Adams","JS"
"194","160",2015,50.4510166666667,-126.091683333333,122,613,680,1,"U_Horsefly","JS"
"195","161",2015,50.4510166666667,-126.091683333333,111,562,646,1,"Chilko","JS"
"196","162",2015,50.4510166666667,-126.091683333333,116,553,642,1,"Mitchell","JS"
"197","163",2015,50.4510166666667,-126.091683333333,96,570,626,1,"Mitchell","JS"
"198","165",2015,50.4510166666667,-126.091683333333,106,579,646,1,"Chilko","JS"
"199","167",2015,50.4510166666667,-126.091683333333,112,597,679,1,"Quesnel_Decept","JS"
"200","169",2015,50.4510166666667,-126.091683333333,112,724,773,1,"Birkenhead","JS"
"201","171",2015,50.4510166666667,-126.091683333333,109,603,658,1,"Pitt","JS"
"202","173",2015,50.4510166666667,-126.091683333333,108,613,690,1,"Chilko","JS"
"203","174",2015,50.4510166666667,-126.091683333333,122,643,731,1,"Chilko","JS"
"204","177",2015,50.4510166666667,-126.091683333333,124,650,728,1,"U_Horsefly","JS"
"205","195",2015,50.4510166666667,-126.091683333333,125,660,717,1,"Chilko","JS"
"206","197",2015,50.4580666666667,-126.07345,121,597,667,1,"Chilko","JS"
"207","199",2015,50.4580666666667,-126.07345,98,553,630,1,"Chilko","JS"
"208","200",2015,50.4580666666667,-126.07345,101,641,691,1,"Quesnel_Decept","JS"
"209","201",2015,50.4580666666667,-126.07345,103,579,653,1,"Quesnel_Decept","JS"
"210","202",2015,50.4580666666667,-126.07345,116,682,731,1,"Birkenhead","JS"
"211","209",2015,50.3052166666667,-125.331733333333,100,579,625,1,"L_Adams","JS"
"212","212",2015,50.3052166666667,-125.331733333333,105,659,697,1,"U_Horsefly","JS"
"213","213",2015,50.3052166666667,-125.331733333333,101,613,668,1,"Quesnel_Decept","JS"
"214","214",2015,50.3052166666667,-125.331733333333,108,610,647,1,"U_Horsefly","JS"
"215","217",2015,50.3052166666667,-125.331733333333,101,605,644,1,"U_Horsefly","JS"
"216","218",2015,50.3052166666667,-125.331733333333,91,583,637,1,"U_Horsefly","JS"
"217","224",2015,50.3052166666667,-125.331733333333,102,598,655,1,"Pitt","JS"
"218","226",2015,50.3052166666667,-125.331733333333,93,619,669,1,"Mitchell","JS"
"219","230",2015,50.3052166666667,-125.331733333333,113,676,711,1,"Nadina","JS"
"220","231",2015,50.3052166666667,-125.331733333333,96,558,617,1,"Mitchell","JS"
"221","232",2015,50.3052166666667,-125.331733333333,101,628,683,1,"Mitchell","JS"
"222","233",2015,50.3052166666667,-125.331733333333,96,572,631,1,"U_Horsefly","JS"
"223","234",2015,50.3052166666667,-125.331733333333,100,604,696,1,"Mitchell","JS"
"224","238",2015,50.3052166666667,-125.331733333333,106,594,643,1,"Mitchell","JS"
"225","239",2015,50.3052166666667,-125.331733333333,99,611,666,1,"Mitchell","JS"
"226","240",2015,50.3052166666667,-125.331733333333,106,625,652,1,"L_Adams","JS"
"227","249",2015,50.2968333333333,-125.3335,136,618,734,1,"U_Horsefly","JS"
"228","251",2015,50.2968333333333,-125.3335,108,550,653,1,"Chilko_south","JS"
"229","253",2015,50.2968333333333,-125.3335,119,578,663,1,"Chilko","JS"
"230","256",2015,50.2968333333333,-125.3335,110,615,685,1,"L_Adams","JS"
"231","257",2015,50.2968333333333,-125.3335,122,696,748,1,"U_Horsefly","JS"
"232","258",2015,50.2968333333333,-125.3335,121,614,708,1,"Mitchell","JS"
"233","265",2015,50.2968333333333,-125.3335,117,547,678,1,"Chilko","JS"
"234","267",2015,50.2968333333333,-125.3335,112,577,680,1,"Chilko","JS"
"235","268",2015,50.2968333333333,-125.3335,123,588,682,1,"Chilko","JS"
"236","269",2015,50.2968333333333,-125.3335,113,646,681,1,"L_Adams","JS"
"237","272",2015,50.2968333333333,-125.3335,118,565,666,1,"Chilko","JS"
"238","273",2015,50.2968333333333,-125.3335,112,584,672,1,"L_Adams","JS"
"239","276",2015,50.2968333333333,-125.3335,117,643,693,1,"Nadina","JS"
"240","277",2015,50.2968333333333,-125.3335,122,662,717,1,"U_Horsefly","JS"
"241","278",2015,50.2968333333333,-125.3335,117,567,668,1,"Chilko","JS"
"242","282",2015,50.3544333333333,-125.3826,131,565,662,1,"Chilko","JS"
"243","283",2015,50.3544333333333,-125.3826,100,633,711,1,"Pitt","JS"
"244","284",2015,50.3544333333333,-125.3826,122,584,668,1,"Seymour","JS"
"245","287",2015,50.3544333333333,-125.3826,103,568,657,1,"Seymour","JS"
"246","288",2015,50.3544333333333,-125.3826,106,565,646,1,"Seymour","JS"
"247","289",2015,50.3544333333333,-125.3826,101,568,615,1,"U_Horsefly","JS"
"248","290",2015,50.3544333333333,-125.3826,109,584,665,1,"L_Adams","JS"
"249","296",2015,50.41505,-125.760916666667,107,640,699,1,"Pitt","JS"
"250","298",2015,50.4529,-126.09955,103,685,737,1,"Stellako","JS"
"251","301",2015,50.4529,-126.09955,106,542,641,1,"Chilko","JS"
"252","303",2015,50.4529,-126.09955,104,545,644,1,"Chilko_south","JS"
"253","305",2015,50.4529,-126.09955,108,643,675,1,"U_Horsefly","JS"
"254","306",2015,50.4529,-126.09955,111,618,687,1,"L_Adams","JS"
"255","310",2015,50.4529,-126.09955,94,554,617,1,"Mitchell","JS"
"256","312",2015,50.4529,-126.09955,110,580,645,1,"U_Horsefly","JS"
"257","314",2015,50.4529,-126.09955,107,565,640,1,"L_Adams","JS"
"258","317",2015,50.4529,-126.09955,122,737,773,1,"Nadina","JS"
"259","318",2015,50.4529,-126.09955,106,570,633,1,"L_Adams","JS"
"260","323",2015,50.3346,-125.461833333333,98,593,662,1,"U_Horsefly","JS"
"261","327",2015,50.3042166666667,-125.33215,111,571,665,1,"L_Adams","JS"
"262","330",2015,50.3042166666667,-125.33215,100,587,677,1,"Chilko","JS"
"263","331",2015,50.3042166666667,-125.33215,110,605,686,1,"Stellako","JS"
"264","332",2015,50.3042166666667,-125.33215,105,654,695,1,"Mitchell","JS"
"265","334",2015,50.3042166666667,-125.33215,96,631,684,1,"Quesnel_Decept","JS"
"266","335",2015,50.3042166666667,-125.33215,98,573,656,1,"Seymour","JS"
"267","337",2015,50.3042166666667,-125.33215,99,573,637,1,"Mitchell","JS"
"268","340",2015,50.3042166666667,-125.33215,94,562,616,1,"Mitchell","JS"
"269","342",2015,50.3042166666667,-125.33215,105,549,648,1,"Chilko","JS"
"270","349",2015,50.3042166666667,-125.33215,100,569,630,1,"Chilko","JS"
"271","350",2015,50.3042166666667,-125.33215,112,491,572,1,"Chilko","JS"
"272","353",2015,50.3042166666667,-125.33215,109,595,669,1,"U_Horsefly","JS"
"273","354",2015,50.3042166666667,-125.33215,106,555,645,1,"Chilko","JS"
"274","356",2015,50.3042166666667,-125.33215,109,560,650,1,"L_Adams","JS"
"275","357",2015,50.1892,-125.339833333333,121,709,737,1,"U_Horsefly","JS"
"276","358",2015,50.1892,-125.339833333333,122,540,667,1,"Chilko_south","JS"
"277","359",2015,50.1892,-125.339833333333,122,559,656,1,"L_Adams","JS"
"278","360",2015,50.1892,-125.339833333333,117,587,677,1,"Seymour","JS"
"279","362",2015,50.1892,-125.339833333333,130,565,673,1,"Chilko","JS"
"280","365",2015,50.1892,-125.339833333333,122,627,710,1,"L_Adams","JS"
"281","367",2015,50.1892,-125.339833333333,114,596,675,1,"L_Adams","JS"
"282","370",2015,50.1892,-125.339833333333,116,584,673,1,"Seymour","JS"
"283","379",2015,50.1892,-125.339833333333,115,534,641,1,"Chilko_south","JS"
"284","386",2015,50.1892,-125.339833333333,112,567,632,1,"L_Adams","JS"
"285","391",2015,50.3050833333333,-125.332083333333,99,581,663,1,"Mitchell","JS"
"286","394",2015,50.3050833333333,-125.332083333333,107,618,667,1,"Quesnel_Decept","JS"
"287","395",2015,50.3050833333333,-125.332083333333,119,555,661,1,"Mitchell","JS"
"288","399",2015,50.3050833333333,-125.332083333333,107,521,621,1,"Seymour","JS"
"289","400",2015,50.3050833333333,-125.332083333333,132,613,737,1,"Mitchell","JS"
"290","402",2015,50.3050833333333,-125.332083333333,110,597,653,1,"Mitchell","JS"
"291","406",2015,50.3050833333333,-125.332083333333,130,608,735,1,"Quesnel_Decept","JS"
"292","408",2015,50.3050833333333,-125.332083333333,113,580,670,1,"Seymour","JS"
"293","410",2015,50.3050833333333,-125.332083333333,104,513,607,1,"L_Adams","JS"
"294","418",2015,50.3050833333333,-125.332083333333,137,600,703,2,"Mitchell","JS"
"295","419",2015,50.4011333333333,-125.34405,122,631,736,1,"Chilko","JS"
"296","424",2015,50.4431333333333,-125.746533333333,117,555,666,1,"Mitchell","JS"
"297","426",2015,50.4431333333333,-125.746533333333,118,559,669,1,"Chilko","JS"
"298","428",2015,50.4431333333333,-125.746533333333,114,560,644,1,"L_Adams","JS"
"299","433",2015,50.4431333333333,-125.746533333333,119,582,688,1,"U_Horsefly","JS"
"300","436",2015,50.4431333333333,-125.746533333333,114,638,730,1,"U_Horsefly","JS"
"301","438",2015,50.4431333333333,-125.746533333333,119,569,706,1,"Seymour","JS"
"302","439",2015,50.4431333333333,-125.746533333333,125,609,718,1,"U_Horsefly","JS"
"303","440",2015,50.4431333333333,-125.746533333333,114,577,658,1,"L_Adams","JS"
"304","441",2015,50.4431333333333,-125.746533333333,112,565,682,1,"Birkenhead","JS"
"305","442",2015,50.4431333333333,-125.746533333333,114,583,657,1,"L_Adams","JS"
"306","445",2015,50.4431333333333,-125.746533333333,115,548,652,1,"Mitchell","JS"
"307","446",2015,50.4431333333333,-125.746533333333,112,559,641,1,"U_Horsefly","JS"
"308","448",2015,50.4431333333333,-125.746533333333,106,595,688,1,"L_Adams","JS"
"309","449",2015,50.4431333333333,-125.746533333333,118,616,697,1,"Mitchell","JS"
"310","453",2015,50.4431333333333,-125.746533333333,107,571,658,1,"L_Adams","JS"
"311","454",2015,50.4431333333333,-125.746533333333,108,599,691,1,"Seymour","JS"
"312","455",2015,50.4431333333333,-125.746533333333,115,596,667,1,"Mitchell","JS"
"313","456",2015,50.4431333333333,-125.746533333333,116,595,696,1,"Pitt","JS"
"314","457",2015,50.4431333333333,-125.746533333333,117,580,691,1,"Quesnel_Decept","JS"
"315","460",2015,50.4431333333333,-125.746533333333,108,698,738,1,"Pitt","JS"
"316","461",2015,50.4431333333333,-125.746533333333,109,623,714,1,"Pitt","JS"
"317","462",2015,50.4773833333333,-126.009516666667,110,523,631,1,"Chilko_south","JS"
"318","466",2015,50.4773833333333,-126.009516666667,119,584,728,1,"Chilko","JS"
"319","469",2015,50.4773833333333,-126.009516666667,111,599,663,1,"U_Horsefly","JS"
"320","470",2015,50.4773833333333,-126.009516666667,124,616,755,1,"Chilko","JS"
"321","474",2015,50.4773833333333,-126.009516666667,101,535,622,1,"Seymour","JS"
"322","481",2015,50.4773833333333,-126.009516666667,126,658,768,1,"Seymour","JS"
"323","487",2015,50.4773833333333,-126.009516666667,108,567,660,1,"Pitt","JS"
"324","494",2015,50.3859833333333,-125.613316666667,128,622,724,1,"Stellako","JS"
"325","502",2015,50.3859833333333,-125.613316666667,122,639,706,1,"Nadina","JS"
"326","510",2015,50.3859833333333,-125.613316666667,136,651,785,1,"Seymour","JS"
"327","518",2015,50.3859833333333,-125.613316666667,122,618,699,1,"Pitt","JS"
"328","539",2015,50.305,-125.3325,133,682,751,1,"Nadina","JS"
"329","541",2015,50.305,-125.3325,120,663,749,1,"Pitt","JS"
"330","560",2015,50.3049833333333,-125.33255,114,580,692,1,"Seymour","JS"
"331","577",2015,50.4570666666667,-126.164683333333,118,533,636,1,"Seymour","JS"
"332","580",2015,50.4570666666667,-126.164683333333,138,560,715,1,"Seymour","JS"
"333","584",2015,50.4570666666667,-126.164683333333,122,607,714,1,"Seymour","JS"
"334","588",2015,50.4570666666667,-126.164683333333,122,550,674,1,"Pitt","JS"
"335","603",2015,50.4570666666667,-126.164683333333,120,521,634,1,"Chilko","JS"
"336","609",2015,50.3050666666667,-125.332083333333,106,507,663,1,"Chilko","JS"
"337","616",2015,50.1801,-125.343816666667,140,587,730,1,"Birkenhead","JS"
"338","623",2015,50.1801,-125.343816666667,133,565,754,1,"Chilko","JS"
"339","626",2015,50.1919833333333,-125.344033333333,125,517,643,1,"Chilko","JS"
"340","629",2015,50.1919833333333,-125.344033333333,117,568,678,1,"Chilko","JS"
"341","631",2015,50.30505,-125.331933333333,131,582,695,1,"U_Horsefly","JS"
"342","633",2015,50.30505,-125.331933333333,127,611,725,1,"Pitt","JS"
"343","638",2015,50.30505,-125.331933333333,126,554,678,1,"U_Horsefly","JS"
"344","651",2015,50.30505,-125.331933333333,126,544,721,1,"Chilko","JS"
"345","654",2015,50.30505,-125.331933333333,125,585,712,1,"Pitt","JS"
"346","655",2015,50.30505,-125.331933333333,128,571,678,1,"Mitchell","JS"
"347","656",2015,50.30505,-125.331933333333,129,616,698,1,"U_Horsefly","JS"
"348","657",2015,50.30505,-125.331933333333,116,560,679,1,"Pitt","JS"
"349","676",2015,50.3867833333333,-125.61585,121,568,733,1,"U_Horsefly","JS"
"350","678",2015,50.3867833333333,-125.61585,140,656,757,1,"Stellako","JS"
"351","680",2015,50.3867833333333,-125.61585,136,628,746,1,"U_Horsefly","JS"
"352","683",2015,50.3867833333333,-125.61585,126,643,754,1,"Mitchell","JS"
"353","684",2015,50.3867833333333,-125.61585,136,589,716,1,"Chilko_south","JS"
"354","685",2015,50.3867833333333,-125.61585,135,554,709,1,"Chilko","JS"
"355","686",2015,50.3867833333333,-125.61585,132,617,743,1,"U_Horsefly","JS"
"356","700",2015,50.3867833333333,-125.61585,131,547,679,1,"Mitchell","JS"
"357","701",2015,50.3867833333333,-125.61585,137,565,693,1,"Mitchell","JS"
"358","702",2015,50.3867833333333,-125.61585,126,523,715,1,"Chilko","JS"
"359","706",2015,50.3867833333333,-125.61585,133,614,701,1,"L_Adams","JS"
"360","707",2015,50.3867833333333,-125.61585,129,599,716,1,"U_Horsefly","JS"
"361","710",2015,50.3867833333333,-125.61585,132,693,766,1,"L_Adams","JS"
"362","712",2015,50.4509,-126.091466666667,140,574,707,1,"Birkenhead","JS"
"363","717",2015,50.4509,-126.091466666667,129,618,727,1,"Mitchell","JS"
"364","718",2015,50.4509,-126.091466666667,131,606,738,1,"Chilko","JS"
"365","719",2015,50.4509,-126.091466666667,140,630,733,1,"L_Adams","JS"
"366","720",2015,50.4509,-126.091466666667,123,614,727,1,"Pitt","JS"
"367","724",2015,50.4509,-126.091466666667,133,604,727,1,"Mitchell","JS"
"368","726",2015,50.4509,-126.091466666667,134,579,679,1,"Mitchell","JS"
"369","729",2015,50.4509,-126.091466666667,130,558,679,1,"Chilko","JS"
"370","732",2015,50.4509,-126.091466666667,137,599,716,1,"Chilko","JS"
"371","733",2015,50.4509,-126.091466666667,130,549,696,1,"Chilko","JS"
"372","734",2015,50.4509,-126.091466666667,120,592,689,1,"Birkenhead","JS"
"373","736",2015,50.4509,-126.091466666667,132,654,780,1,"L_Adams","JS"
"374","737",2015,50.4509,-126.091466666667,125,597,725,1,"U_Horsefly","JS"
"375","739",2015,50.4509,-126.091466666667,124,596,719,1,"L_Adams","JS"
"376","741",2015,50.4763,-126.011466666667,132,622,713,1,"Mitchell","JS"
"377","742",2015,50.4763,-126.011466666667,127,613,713,1,"L_Adams","JS"
"378","757",2015,50.4763,-126.011466666667,131,624,773,1,"Quesnel_Decept","JS"
"379","758",2015,50.4763,-126.011466666667,135,681,754,1,"L_Adams","JS"
"380","760",2015,50.38835,-125.6123,134,623,754,1,"Pitt","JS"
"381","762",2015,50.38835,-125.6123,128,640,725,1,"Mitchell","JS"
"382","764",2015,50.38835,-125.6123,140,658,765,1,"Quesnel_Decept","JS"
"383","765",2015,50.2859166666667,-125.358933333333,130,555,735,1,"Chilko","JS"
"384","766",2015,50.2859166666667,-125.358933333333,132,598,753,1,"Mitchell","JS"
"385","768",2015,50.2859166666667,-125.358933333333,131,605,703,1,"Quesnel_Decept","JS"
"386","770",2015,50.2859166666667,-125.358933333333,131,562,745,1,"Chilko","JS"
"387","772",2015,50.2859166666667,-125.358933333333,125,551,745,1,"Quesnel_Decept","JS"
"388","773",2015,50.2859166666667,-125.358933333333,128,632,749,1,"U_Horsefly","JS"
"389","774",2015,50.2859166666667,-125.358933333333,128,603,696,1,"Mitchell","JS"
"390","778",2015,50.2859166666667,-125.358933333333,139,598,748,1,"L_Adams","JS"
"391","781",2015,50.2859166666667,-125.358933333333,129,649,735,1,"Quesnel_Decept","JS"
"392","782",2015,50.2859166666667,-125.358933333333,133,600,782,1,"Chilko","JS"
"393","785",2015,50.2859166666667,-125.358933333333,128,623,727,1,"Mitchell","JS"
"394","786",2015,50.2859166666667,-125.358933333333,138,556,730,1,"Chilko","JS"
"395","789",2015,50.2859166666667,-125.358933333333,119,545,649,1,"Seymour","JS"
"396","790",2015,50.2859166666667,-125.358933333333,128,624,718,1,"Quesnel_Decept","JS"
"397","798",2015,50.1893666666667,-125.34035,128,562,692,1,"Quesnel_Decept","JS"
"398","801",2015,50.3052166666667,-125.331983333333,120,633,739,1,"U_Horsefly","JS"
"399","808",2015,50.38635,-125.616133333333,137,607,757,1,"Pitt","JS"
"400","810",2015,50.38635,-125.616133333333,127,565,704,1,"L_Adams","JS"
"401","811",2015,50.38635,-125.616133333333,139,596,762,1,"Quesnel_Decept","JS"
"402","813",2015,50.4574333333333,-126.163316666667,139,601,753,1,"Seymour","JS"
"403","814",2015,50.3049166666667,-125.332716666667,125,590,741,1,"Chilko","JS"
"404","815",2015,50.3050166666667,-125.331966666667,133,644,742,1,"U_Horsefly","JS"
"405","816",2015,50.3050166666667,-125.331966666667,146,569,721,1,"Mitchell","JS"
"406","817",2015,50.3050166666667,-125.331966666667,140,557,736,1,"Mitchell","JS"
"407","818",2015,50.3648666666667,-125.652766666667,144,623,798,1,"U_Horsefly","JS"
"408","820",2015,50.4775833333333,-126.00995,145,532,739,1,"L_Adams","JS"
"409","821",2015,50.4775833333333,-126.00995,138,552,710,1,"Chilko","JS"
"410","824",2015,50.4775833333333,-126.00995,146,582,757,1,"L_Adams","JS"
"411","826",2015,50.4531,-126.099433333333,140,622,803,1,"U_Horsefly","JS"
"412","827",2015,50.4531,-126.099433333333,139,549,749,1,"U_Horsefly","JS"
"413","828",2015,50.4531,-126.099433333333,133,480,697,1,"Quesnel_Decept","JS"
"414","830",2015,50.4707,-126.030233333333,141,655,814,1,"Pitt","JS"
"415","839",2015,50.3049166666667,-125.332383333333,121,593,711,1,"Mitchell","JS"
"416","840",2015,50.3049166666667,-125.332383333333,140,568,719,1,"U_Horsefly","JS"
"417","841",2015,50.3049166666667,-125.332383333333,127,501,727,1,"Quesnel_Decept","JS"
"418","842",2015,50.3049166666667,-125.332383333333,128,541,710,1,"Mitchell","JS"
"419","843",2015,50.179,-125.339666666667,93,257,518,0,"L_Adams","JS"
"420","844",2015,50.179,-125.339666666667,71,247,451,0,"L_Adams","JS"
"421","847",2015,50.4572166666667,-126.163983333333,151,553,748,1,"U_Horsefly","JS"
"422","848",2015,50.4572166666667,-126.163983333333,149,514,692,1,"Mitchell","JS"
"423","849",2015,50.4773,-126.0101,80,265,489,0,"L_Adams","JS"
"424","850",2015,50.4773,-126.0101,99,285,543,0,"L_Adams","JS"
"425","851",2015,50.4773,-126.0101,95,276,527,0,"L_Adams","JS"
"426","853",2015,50.388,-125.615666666667,93,293,532,0,"L_Adams","JS"
"427","854",2015,50.388,-125.615666666667,77,260,482,0,"L_Adams","JS"
"428","855",2015,50.388,-125.615666666667,82,271,493,0,"L_Adams","JS"
"429","858",2015,50.388,-125.615666666667,135,542,730,1,"Mitchell","JS"
"430","862",2015,50.35495,-125.412383333333,79,250,509,0,"U_Horsefly","JS"
"431","863",2015,50.1916166666667,-125.34435,132,558,726,1,"L_Adams","JS"
"432","3",2016,50.3048,-125.1827,151,753.65,813.4,2,"Birkenhead","JS"
"433","7",2016,50.3048,-125.1827,125,655.04,693.37,1,"Stellako","JS"
"434","8",2016,50.3048,-125.1827,126,686.5,722.11,1,"Stellako","JS"
"435","11",2016,50.3048,-125.1827,140,733.82,780.92,2,"Birkenhead","JS"
"436","12",2016,50.3048,-125.1827,121,678.9,705.27,1,"Stellako","JS"
"437","13",2016,50.3048,-125.1827,142,750.82,826.4,1,"Birkenhead","JS"
"438","14",2016,50.3048,-125.1827,134,692.22,769.44,1,"Birkenhead","JS"
"439","20",2016,50.3048,-125.1827,117,612.71,686.84,1,"Stellako","JS"
"440","25",2016,50.3048,-125.1827,122,693.54,732.43,1,"Birkenhead","JS"
"441","27",2016,50.3048,-125.1827,102,672.74,732.68,1,"Stellako","JS"
"442","32",2016,50.3048,-125.1827,126,697.94,755.08,1,"Nadina","JS"
"443","38",2016,50.3867833333333,-125.615716666667,124,633.22,671.57,1,"Nadina","JS"
"444","44",2016,50.3867833333333,-125.615716666667,109,634.24,684.07,1,"Chilko","JS"
"445","47",2016,50.3867833333333,-125.615716666667,117,640.87,683.64,1,"Stellako","JS"
"446","48",2016,50.3867833333333,-125.615716666667,101,638.17,680.97,1,"Stellako","JS"
"447","54",2016,50.3867833333333,-125.615716666667,103,576.4,631.61,1,"Quesnel_Horsef","JS"
"448","63",2016,50.3867833333333,-125.615716666667,112,661.34,711.91,1,"Stellako","JS"
"449","66",2016,50.3867833333333,-125.615716666667,105,695.52,731.32,1,"Nadina","JS"
"450","69",2016,50.3867833333333,-125.615716666667,98,572.95,625.32,1,"Quesnel_Horsef","JS"
"451","73",2016,50.4737666666667,-126.07115,126,707.99,725.54,1,"Nadina","JS"
"452","79",2016,50.4737666666667,-126.07115,133,748.37,800.56,1,"Stellako","JS"
"453","81",2016,50.4737666666667,-126.07115,107,609.82,646.84,1,"Stellako","JS"
"454","82",2016,50.4737666666667,-126.07115,106,500.71,583.98,1,"Chilko","JS"
"455","90",2016,50.4737666666667,-126.07115,102,643.37,685.05,1,"Chilko","JS"
"456","96",2016,50.4737666666667,-126.07115,101,569.52,623.19,1,"Quesnel_Horsef","JS"
"457","97",2016,50.4737666666667,-126.07115,105,639.82,714.31,1,"Birkenhead","JS"
"458","98",2016,50.4737666666667,-126.07115,120,689.18,700.37,1,"Stellako","JS"
"459","101",2016,50.4737666666667,-126.07115,110,659.85,709.87,1,"Stellako","JS"
"460","106",2016,50.4737666666667,-126.07115,90,581.69,613.29,1,"Chilko","JS"
"461","111",2016,50.4737666666667,-126.07115,131,671.38,710.26,1,"Stellako","JS"
"462","113",2016,50.4579,-126.164133333333,126,689.6,708.61,1,"Nadina","JS"
"463","114",2016,50.4579,-126.164133333333,120,664.81,725.6,1,"Nadina","JS"
"464","117",2016,50.4544666666667,-126.14315,120,678.08,738.33,1,"Birkenhead","JS"
"465","119",2016,50.4544666666667,-126.14315,125,637.44,654.5,1,"Nadina","JS"
"466","122",2016,50.4544666666667,-126.14315,112,666.09,704.52,1,"Stellako","JS"
"467","125",2016,50.4544666666667,-126.14315,108,586.49,656.72,1,"Quesnel_Horsef","JS"
"468","130",2016,50.4544666666667,-126.14315,122,728.96,779.89,1,"Birkenhead","JS"
"469","135",2016,50.4544666666667,-126.14315,122,661.69,727.08,1,"L_Adams","JS"
"470","143",2016,50.4544666666667,-126.14315,120,717.42,737.69,1,"Nadina","JS"
"471","151",2016,50.4544666666667,-126.14315,106,608.64,657.9,1,"Chilko","JS"
"472","154",2016,50.4544666666667,-126.14315,119,687.27,718.56,1,"Stellako","JS"
"473","157",2016,50.3643666666667,-125.66285,96,636.32,695.67,1,"Quesnel_Horsef","JS"
"474","159",2016,50.3643666666667,-125.66285,92,561.86,613.88,1,"Quesnel_Mitche","JS"
"475","162",2016,50.3643666666667,-125.66285,87,565.14,614.43,1,"Quesnel_Mitche","JS"
"476","170",2016,50.3643666666667,-125.66285,95,578.86,649.38,1,"Chilko","JS"
"477","172",2016,50.3643666666667,-125.66285,109,702.35,721.64,1,"Stellako","JS"
"478","173",2016,50.3643666666667,-125.66285,105,625.86,674.71,1,"Stellako","JS"
"479","189",2016,50.3047333333333,-125.3325,124,647.84,703.18,1,"Stellako","JS"
"480","194",2016,50.3047333333333,-125.3325,115,687.9,731.71,1,"Stellako","JS"
"481","195",2016,50.3047333333333,-125.3325,104,576.57,647.69,1,"L_Adams","JS"
"482","208",2016,50.3047333333333,-125.3325,111,639.59,685.71,1,"Chilko","JS"
"483","209",2016,50.3047333333333,-125.3325,128,713.65,774.99,2,"Birkenhead","JS"
"484","211",2016,50.3047333333333,-125.3325,127,674.62,688,1,"Nadina","JS"
"485","231",2016,50.1899166666667,-125.3401,94,551.01,622.22,1,"Chilko","JS"
"486","240",2016,50.1899166666667,-125.3401,127,686.34,739.93,1,"Nadina","JS"
"487","241",2016,50.1899166666667,-125.3401,109,581.29,667.37,1,"Chilko","JS"
"488","258",2016,50.3050833333333,-125.3324,88,526.09,582.71,1,"L_Adams","JS"
"489","259",2016,50.3050833333333,-125.3324,94,545.89,603.98,1,"Quesnel_Mitche","JS"
"490","260",2016,50.3050833333333,-125.3324,98,657.25,718.05,1,"Seymour","JS"
"491","270",2016,50.3050833333333,-125.3324,86,557.22,622.12,1,"Quesnel_Mitche","JS"
"492","319",2016,50.3879666666667,-125.6158,121,672.77,695.83,1,"Nadina","JS"
"493","341",2016,50.4527,-126.158216666667,124,703.38,723.16,1,"Nadina","JS"
"494","354",2016,50.4527,-126.158216666667,102,587.61,642.99,1,"Chilko","JS"
"495","358",2016,50.4527,-126.158216666667,102,591.96,672.64,1,"Seymour","JS"
"496","400",2016,50.4761833333333,-126.011666666667,95,594.73,660.63,1,"Chilko","JS"
"497","422",2016,50.3049833333333,-125.332066666667,97,559.65,641.01,1,"Seymour","JS"
"498","458",2016,50.1893,-125.339866666667,96,557.15,587.33,1,"Chilko","JS"
"499","636",2016,50.1827833333333,-125.341783333333,95,553.77,633.33,1,"Seymour","JS"
"500","651",2016,50.3050666666667,-125.332083333333,102,579.58,674.72,1,"Mitchell","JS"
"501","663",2016,50.3050666666667,-125.332083333333,104,539.81,616.43,1,"Chilko","JS"
"502","677",2016,50.3050666666667,-125.332083333333,125,669.38,704.43,1,"Nadina","JS"
"503","719",2016,50.4545666666667,-126.096516666667,111,554.87,659.24,1,"L_Adams","JS"
"504","726",2016,50.4545666666667,-126.096516666667,109,576.31,673.3,1,"Quesnel_Horsef","JS"
"505","744",2016,50.4545666666667,-126.096516666667,109,660.93,684.63,1,"L_Adams","JS"
"506","754",2016,50.4552,-126.096166666667,104,570.51,652.17,1,"MiddleShuswap","JS"
"507","756",2016,50.4552,-126.096166666667,94,553.66,644.2,1,"Quesnel_Horsef","JS"
"508","768",2016,50.4552,-126.096166666667,93,528.46,610.61,1,"Chilko","JS"
"509","777",2016,50.4552,-126.096166666667,99,504.92,568.99,1,"Chilko","JS"
"510","803",2016,50.46215,-126.0779,94,542.02,607.24,1,"Mitchell","JS"
"511","818",2016,50.4738833333333,-126.072183333333,97,573.92,666.47,1,"L_Adams","JS"
"512","829",2016,50.4738833333333,-126.072183333333,103,577.26,645.85,1,"Quesnel_Horsef","JS"
"513","842",2016,50.4738833333333,-126.072183333333,129,674.77,730.64,1,"Nadina","JS"
"514","848",2016,50.38185,-125.870916666667,94,546.19,641.52,1,"Mitchell","JS"
"515","849",2016,50.38185,-125.870916666667,105,598.02,689.47,1,"L_Adams","JS"
"516","854",2016,50.38185,-125.870916666667,136,744.78,807.5,1,"Chilko","JS"
"517","856",2016,50.38185,-125.870916666667,92,547.83,612.5,1,"Quesnel_Horsef","JS"
"518","882",2016,50.3872666666667,-125.6158,102,599.71,665.98,1,"Mitchell","JS"
"519","890",2016,50.3872666666667,-125.6158,110,587.1,668.69,1,"L_Adams","JS"
"520","902",2016,50.3872666666667,-125.6158,103,551.02,639.21,1,"Seymour","JS"
"521","924",2016,50.305,-125.332716666667,89,541.39,626.27,1,"Mitchell","JS"
"522","929",2016,50.305,-125.332716666667,99,527.41,624.89,1,"Seymour","JS"
"523","1097",2016,50.3045833333333,-125.33285,117,546.06,678.72,1,"Seymour","JS"
"524","1134",2016,50.3045833333333,-125.33285,113,574.69,678.34,1,"Seymour","JS"
"525","1164",2016,50.4573333333333,-126.163933333333,109,560.42,671.75,1,"Seymour","JS"
"526","1388",2016,50.3048833333333,-125.33255,114,549.59,654.12,1,"Mitchell","JS"
"527","1400",2016,50.3048833333333,-125.33255,106,501.27,610.82,1,"Mitchell","JS"
"528","1428",2016,50.4521,-126.093683333333,125,559.13,680.15,1,"Mitchell","JS"
"529","1457",2016,50.38835,-125.896483333333,107,548.45,656.38,1,"L_Adams","JS"
"530","1468",2016,50.38835,-125.896483333333,119,580.54,701.03,1,"Mitchell","JS"
"531","1494",2016,50.3048166666667,-125.33265,98,513.69,603.51,1,"L_Adams","JS"
"532","1508",2016,50.3048166666667,-125.33265,87,508.25,577.8,1,"Mitchell","JS"
"533","1560",2016,50.3687166666667,-125.64655,119,531.1,674.44,1,"Chilko","JS"
"534","1595",2016,50.344,-125.3978,125,546.56,677.46,1,"Chilko","JS"
"535","1616",2016,50.344,-125.3978,113,548.74,680.16,1,"Chilko","JS"
"536","1657",2016,50.1872166666667,-125.335883333333,118,551.18,663.44,1,"Seymour","JS"
"537","1681",2016,50.4638666666667,-126.080066666667,120,486.12,653.29,1,"Seymour","JS"
"538","1684",2016,50.4638666666667,-126.080066666667,126,587.69,751.45,1,"Mitchell","JS"
"539","1685",2016,50.4638666666667,-126.080066666667,127,518.81,679.73,1,"Mitchell","JS"
"540","1687",2016,50.4638666666667,-126.080066666667,106,489.43,656.97,1,"MiddleShuswap","JS"
"541","1689",2016,50.4638666666667,-126.080066666667,123,514.32,709.31,1,"Seymour","JS"
"542","1703",2016,50.4519833333333,-126.092783333333,135,553.74,735.03,1,"MiddleShuswap","JS"
"543","1705",2016,50.4519833333333,-126.092783333333,122,467.7,662.12,1,"MiddleShuswap","JS"
"544","1710",2016,50.3875833333333,-125.615533333333,131,531.22,699.36,1,"L_Adams","JS"
"545","1718",2016,50.3875833333333,-125.615533333333,128,543.45,735.85,1,"MiddleShuswap","JS"
"546","5007",2016,50.17835,-125.010133333333,88,532.83,608.95,1,"Seymour","JS"
"547","5020",2016,50.17835,-125.010133333333,85,521.24,599.19,1,"U_Horsefly","JS"
"548","5026",2016,50.17835,-125.010133333333,98,535.59,613.9,1,"Seymour","JS"
"549","5030",2016,50.17835,-125.010133333333,88,542.75,619.97,1,"U_Horsefly","JS"
"550","5036",2016,50.4761833333333,-126.011666666667,103,563,616.67,1,"Nadina","JS"
"551","5037",2016,50.4761833333333,-126.011666666667,86,506,568.98,1,"Quesnel_Mitche","JS"
"552","5039",2016,50.4761833333333,-126.011666666667,114,692.19,734.36,1,"Nadina","JS"
"553","5047",2016,50.005425,-125.131041666667,90,512.77,593.85,1,"Seymour","JS"
"554","5051",2016,50.005425,-125.131041666667,83,565.72,629.28,1,"Quesnel_Mitche","JS"
"555","5061",2016,50.005425,-125.131041666667,90,521.51,585.06,1,"Seymour","JS"
"556","5068",2016,50.005425,-125.131041666667,95,518.05,595.26,1,"Seymour","JS"
"557","5089",2016,50.0110166666667,-125.126016666667,125,651.29,719.21,1,"Nadina","JS"
"558","5091",2016,50.0110166666667,-125.126016666667,90,557.95,641.8,1,"Quesnel_Mitche","JS"
"559","5095",2016,50.0110166666667,-125.126016666667,100,567.29,652.35,1,"Quesnel_Mitche","JS"
"560","5106",2016,50.3049833333333,-125.332066666667,89,564.35,621.88,1,"Quesnel_Mitche","JS"
"561","5109",2016,50.3049833333333,-125.332066666667,86,527.95,582.71,1,"Chilko","JS"
"562","5110",2016,50.3049833333333,-125.332066666667,85,574.64,626.13,1,"U_Horsefly","JS"
"563","5140",2016,50.0042166666667,-125.128916666667,102,586.81,647.11,1,"U_Horsefly","JS"
"564","5146",2016,50.3879666666667,-125.6158,89,580.51,651.7,1,"U_Horsefly","JS"
"565","5147",2016,50.3879666666667,-125.6158,109,565.77,653.4,1,"Chilko","JS"
"566","5149",2016,50.3879666666667,-125.6158,97,657.71,707.59,1,"U_Horsefly","JS"
"567","5150",2016,50.3879666666667,-125.6158,98,545.98,594.17,1,"U_Horsefly","JS"
"568","5157",2016,50.3879666666667,-125.6158,96,552.01,619.37,1,"L_Shuswap","JS"
"569","5158",2016,50.3879666666667,-125.6158,94,578.35,665.43,1,"L_Shuswap","JS"
"570","5159",2016,50.3879666666667,-125.6158,94,571.47,649.28,1,"L_Shuswap","JS"
"571","5175",2016,50.0487666666667,-125.16235,87,543.89,595.92,1,"Chilko","JS"
"572","5183",2016,50.0487666666667,-125.16235,84,512.71,576.81,1,"Chilko","JS"
"573","5192",2016,50.0487666666667,-125.16235,90,510.93,579.93,1,"U_Horsefly","JS"
"574","5193",2016,50.0487666666667,-125.16235,90,521.91,594.2,1,"L_Shuswap","JS"
"575","5203",2016,50.1899166666667,-125.3401,94,495.83,551.18,1,"L_Shuswap","JS"
"576","5210",2016,50.3205666666667,-125.039833333333,92,553.66,635.26,1,"MiddleShuswap","JS"
"577","5217",2016,50.3205666666667,-125.039833333333,86,545.99,613.88,1,"U_Horsefly","JS"
"578","5225",2016,50.3205666666667,-125.039833333333,86,526.83,588.16,1,"MiddleShuswap","JS"
"579","5235",2016,50.3205666666667,-125.039833333333,87,567.5,625.09,1,"U_Horsefly","JS"
"580","5238",2016,50.1893,-125.339866666667,92,521.88,601.83,1,"MiddleShuswap","JS"
"581","5242",2016,50.1893,-125.339866666667,90,557.93,629.74,1,"MiddleShuswap","JS"
"582","5287",2016,50.3050833333333,-125.3324,98,558.33,636.14,1,"MiddleShuswap","JS"
"583","5313",2016,50.3048833333333,-125.33255,110,527.58,648.1,1,"Quesnel_Horsef","JS"
"584","5319",2016,50.3048833333333,-125.33255,105,542.7,669.2,1,"Quesnel_Horsef","JS"
"585","5321",2016,50.3048833333333,-125.33255,100,556.38,689.45,1,"Quesnel_Horsef","JS"
"586","5350",2016,50.4521,-126.093683333333,115,568.45,676.88,1,"Quesnel_Horsef","JS"
"587","5354",2016,50.4521,-126.093683333333,122,519.27,648.26,1,"Quesnel_Horsef","JS"
"588","5555",2016,50.0066333333333,-125.133166666667,107,489.07,636.93,1,"L_Adams","JS"
"589","5558",2016,50.0066333333333,-125.133166666667,110,546.88,672.91,1,"Quesnel_Mitche","JS"
"590","5564",2016,50.0066333333333,-125.133166666667,127,563.5,719.02,1,"L_Adams","JS"
"591","5565",2016,50.0066333333333,-125.133166666667,110,535.06,649.52,1,"Quesnel_Mitche","JS"
"592","5569",2016,50.0066333333333,-125.133166666667,101,559.17,679.07,1,"L_Adams","JS"
"593","5571",2016,50.0066333333333,-125.133166666667,106,528.62,636.52,1,"L_Adams","JS"
"594","5578",2016,50.0066333333333,-125.133166666667,109,520.33,628.78,1,"Quesnel_Mitche","JS"
"595","5580",2016,50.0066333333333,-125.133166666667,85,559.69,636.36,1,"Quesnel_Mitche","JS"
"596","5585",2016,50.3050666666667,-125.332083333333,94,554.45,637.77,1,"Quesnel_Mitche","JS"
"597","5617",2016,50.08845,-125.070383333333,93,529.52,619.44,1,"L_Shuswap","JS"
"598","5620",2016,50.08845,-125.070383333333,93,551.45,637.43,1,"L_Shuswap","JS"
"599","5622",2016,50.08845,-125.070383333333,97,587.06,663.73,1,"L_Shuswap","JS"
"600","5629",2016,50.08845,-125.070383333333,88,528.45,613.88,1,"L_Shuswap","JS"
"601","5630",2016,50.08845,-125.070383333333,94,522.98,624.83,1,"L_Shuswap","JS"
"602","5653",2016,50.0961833333333,-125.176233333333,98,599.67,665.38,1,"L_Adams","JS"
"603","5656",2016,50.0961833333333,-125.176233333333,106,554.74,662.07,1,"L_Adams","JS"
"604","5657",2016,50.0961833333333,-125.176233333333,102,534.48,644.55,1,"L_Adams","JS"
"605","5658",2016,50.1769333333333,-125.008,103,518.8,597.23,1,"L_Adams","JS"
"606","5659",2016,50.1769333333333,-125.008,115,529.01,635.8,1,"L_Adams","JS"
"607","5687",2016,50.31615,-125.043116666667,106,519.26,620.04,1,"MiddleShuswap","JS"
"608","5689",2016,50.31615,-125.043116666667,114,489.08,610.17,1,"MiddleShuswap","JS"
"609","5691",2016,50.31615,-125.043116666667,109,502.82,634.83,1,"MiddleShuswap","JS"
"610","5692",2016,50.31615,-125.043116666667,117,502.24,618.36,1,"MiddleShuswap","JS"
"611","5693",2016,50.31615,-125.043116666667,108,530.17,682.97,1,"MiddleShuswap","JS"
"612","5707",2016,50.0902166666667,-125.070433333333,95,514.58,603.23,1,"Seymour","JS"
"613","5710",2016,50.4528,-126.099583333333,97,537.88,658.94,1,"Seymour","JS"
"614","5718",2016,50.4528,-126.099583333333,101,531.77,621.58,1,"Seymour","JS"
"615","5736",2016,50.005425,-125.131041666667,95,552.33,624.09,1,"Chilko","JS"
"616","5737",2016,50.005425,-125.131041666667,98,535.75,630.51,1,"Chilko","JS"
"617","5738",2016,50.005425,-125.131041666667,120,551.73,664.13,1,"Seymour","JS"
"618","5739",2016,50.005425,-125.131041666667,110,592.97,701.51,1,"Chilko","JS"
"619","5740",2016,50.005425,-125.131041666667,95,499.52,594.82,1,"Chilko","JS"
"620","5741",2016,50.005425,-125.131041666667,105,526.04,631.26,1,"Chilko","JS"
"621","5744",2016,50.005425,-125.131041666667,134,701.97,813.3,1,"Birkenhead","JS"
"622","37",2008,49.737,-124.804,107,524.31,612.03,1,"LA","Coast0708"
"623","39",2008,49.737,-124.804,122,558.62,662.74,1,"LA","Coast0708"
"624","43",2008,49.737,-124.804,103,551,644.13,1,"LA","Coast0708"
"625","49",2008,49.737,-124.804,103,594.96,727.18,1,"LA","Coast0708"
"626","50",2008,49.737,-124.804,100,518.61,619.93,1,"LA","Coast0708"
"627","58",2008,49.737,-124.804,113,571.88,671.32,1,"LA","Coast0708"
"628","61",2008,49.737,-124.804,94,579.78,702.01,1,"LA","Coast0708"
"629","98",2008,49.633,-124.59,109,536.39,650.57,1,"LA","Coast0708"
"630","99",2008,49.633,-124.59,115,519.32,612.63,1,"LA","Coast0708"
"631","100",2008,49.633,-124.59,109,533.67,611.21,1,"LA","Coast0708"
"632","102",2008,49.633,-124.59,112,583.22,664.09,1,"LA","Coast0708"
"633","123",2008,49.41,-124.394,101,530.67,619.93,1,"LA","Coast0708"
"634","124",2008,49.41,-124.394,100,537.11,646.22,1,"LA","Coast0708"
"635","125",2008,49.41,-124.394,111,577.12,669.85,1,"LA","Coast0708"
"636","127",2008,49.41,-124.394,104,517.52,653.35,1,"LA","Coast0708"
"637","129",2008,49.41,-124.394,100,500,616.31,1,"LA","Coast0708"
"638","HS200814-DT01-118-001",2008,54.429,-131.043,134,587.13,721.48,1,"CH","Coast0708"
"639","HS200814-H04-118-008",2008,52.378,-129.978,117,577.35,706.46,1,"CH","Coast0708"
"640","HS200814-H04-118-013",2008,52.378,-129.978,117,540.78,658.63,1,"CH","Coast0708"
"641","HS200814-H04-118-014",2008,52.378,-129.978,110,555.05,660.55,1,"CH","Coast0708"
"642","HS200814-DT03-118-012",2008,54.443,-131.402,143,597.82,760.79,1,"CH","Coast0708"
"643","HS200814-DT03-118-013",2008,54.443,-131.402,132,536.84,667.04,1,"CH","Coast0708"
"644","HS200814-DT04-118-004",2008,54.456,-131.596,175,766.48,867.58,2,"CH","Coast0708"
"645","HS200814-H02-118-002",2008,52.271,-129.452,117,587.93,703.12,1,"CH","Coast0708"
"646","HS200814-H03-118-001",2008,52.319,-129.705,117,545.23,642.24,1,"CH","Coast0708"
"647","HS200814-H04-118-018",2008,52.378,-129.978,127,534.78,660.55,1,"CH","Coast0708"
"648","HS200814-HS02-118-015",2008,53.046,-130.885,138,600.46,742.09,1,"CH","Coast0708"
"649","HS200814-HS02-118-017",2008,53.046,-130.885,127,573.24,704.13,1,"CH","Coast0708"
"650","HS200814-HS03-118-016",2008,53.227,-130.956,130,565.15,715.21,1,"CH","Coast0708"
"651","HS200814-H07-118-004",2008,52.535,-130.756,133,566.92,707.57,1,"CH","Coast0708"
"652","HS200814-HS01-118-024",2008,52.835,-130.885,132,583.66,732.86,1,"CH","Coast0708"
"653","HS200814-HS01-118-025",2008,52.835,-130.885,127,564.8,700.9,1,"CH","Coast0708"
"654","HS200814-HS01-118-027",2008,52.835,-130.885,126,552.75,672.7,1,"CH","Coast0708"
"655","HS200814-HS02-118-007",2008,53.046,-130.885,136,657.87,762.24,1,"CH","Coast0708"
"656","HS200814-HS02-118-011",2008,53.046,-130.885,136,553.13,697.94,1,"CH","Coast0708"
"657","HS200814-QCI17-118-013",2008,52.704,-132.109,140,589.78,788.36,1,"CH","Coast0708"
"658","HS200814-QCI18-118-007",2008,52.563,-131.901,130,560.78,685.62,1,"CH","Coast0708"
"659","HS200814-QCI18-118-008",2008,52.563,-131.901,139,518.33,664.19,1,"CH","Coast0708"
"660","HS200814-QCI15-118-003",2008,52.878,-132.308,137,550.78,683.35,1,"CH","Coast0708"
"661","HS200814-QCI15-118-017",2008,52.878,-132.308,135,605.1,759.22,1,"CH","Coast0708"
"662","HS200814-QCI17-118-001",2008,52.704,-132.109,128,532.46,645.49,1,"CH","Coast0708"
"663","HS200814-QCI17-118-002",2008,52.704,-132.109,132,564.96,717.91,1,"CH","Coast0708"
"664","HS200814-QCI17-118-006",2008,52.704,-132.109,139,540.11,675.69,1,"CH","Coast0708"
"665","HS200814-QCI17-118-009",2008,52.704,-132.109,138,626.9,769.87,1,"CH","Coast0708"
"666","HS200814-QCI18-118-012",2008,52.563,-131.901,132,575.34,735.67,1,"CH","Coast0708"
"667","HS200814-T01-118-005",2008,51.28,-128.327,117,592.95,719.54,1,"CH","Coast0708"
"668","HS200814-T01-118-007",2008,51.28,-128.327,145,758.53,846.55,2,"CH","Coast0708"
"669","HS200814-T01-118-029",2008,51.28,-128.327,101,555.51,644.87,1,"CH","Coast0708"
"670","HS200814-QCI18-118-015",2008,52.563,-131.901,135,510.69,621.2,1,"CH","Coast0708"
"671","HS200814-QCI18-118-020",2008,52.563,-131.901,127,561.96,690.51,1,"CH","Coast0708"
"672","HS200814-QCI18-118-021",2008,52.563,-131.901,124,533.23,657.83,1,"CH","Coast0708"
"673","HS200814-QCI18-118-027",2008,52.563,-131.901,125,563.9,709.94,1,"CH","Coast0708"
"674","HS200814-QCI18-118-029",2008,52.563,-131.901,143,563.44,730.88,1,"CH","Coast0708"
"675","HS200814-T01-118-024",2008,51.28,-128.327,112,601.84,715.96,1,"CH","Coast0708"
"676","HS200814-T04-118-026",2008,51.082,-128.716,118,579.93,709.73,1,"CH","Coast0708"
"677","HS200814-T06-118-003",2008,50.934,-128.959,118,525.03,644.43,1,"CH","Coast0708"
"678","HS200814-T02-118-010",2008,51.215,-128.452,105,575.1,701.08,1,"CH","Coast0708"
"679","HS200814-T02-118-012",2008,51.215,-128.452,105,527.96,634.76,1,"CH","Coast0708"
"680","HS200814-T02-118-014",2008,51.215,-128.452,110,546.54,647.84,1,"CH","Coast0708"
"681","HS200814-T02-118-020",2008,51.215,-128.452,108,511,588.81,1,"CH","Coast0708"
"682","HS200814-T04-118-009",2008,51.082,-128.716,119,516.26,637.55,1,"CH","Coast0708"
"683","HS200814-T04-118-021",2008,51.082,-128.716,120,547.17,684.62,1,"CH","Coast0708"
"684","HS200814-T04-118-022",2008,51.082,-128.716,112,537.88,655.28,1,"CH","Coast0708"
"685","HS200814-T04-118-025",2008,51.082,-128.716,125,597.89,694.86,1,"CH","Coast0708"
"686","HS200742-EP01-118-005",2007,49.343,-126.55,99,525.28,641.93,1,"GC","Coast0708"
"687","HS200742-H01-118-015",2007,52.209,-129.201,120,573.89,703.26,1,"GC","Coast0708"
"688","HS200742-H01-118-018",2007,52.209,-129.201,121,482.79,637.8,1,"GC","Coast0708"
"689","HS200742-EP01-118-006",2007,49.343,-126.55,99,506.76,640.71,1,"GC","Coast0708"
"690","HS200742-EP02-118-002",2007,49.307,-126.62,94,451.51,578.26,1,"GC","Coast0708"
"691","HS200742-EP02-118-003",2007,49.307,-126.62,101,513.69,628.69,1,"GC","Coast0708"
"692","HS200742-EP02-118-006",2007,49.307,-126.62,97,475.5,627.55,1,"GC","Coast0708"
"693","HS200742-EP02-118-010",2007,49.307,-126.62,96,474.91,565.31,1,"GC","Coast0708"
"694","HS200742-EP03-118-004",2007,49.279,-126.688,103,522.55,623.81,1,"GC","Coast0708"
"695","HS200742-EP03-118-014",2007,49.279,-126.688,104,473.19,571.51,1,"GC","Coast0708"
"696","HS200742-EP03-118-022",2007,49.279,-126.688,104,497.41,631.58,1,"GC","Coast0708"
"697","HS200742-H02-118-001",2007,52.267,-129.469,126,565.52,699.65,1,"GC","Coast0708"
"698","HS200742-H04-118-007",2007,52.378,-129.992,138,558.03,715.2,1,"GC","Coast0708"
"699","HS200742-H04-118-010",2007,52.378,-129.992,126,488.46,643.85,1,"GC","Coast0708"
"700","HS200742-H04-118-017",2007,52.378,-129.992,121,545.34,684.04,1,"GC","Coast0708"
"701","HS200742-H02-118-002",2007,52.267,-129.469,119,479.09,613.25,2,"GC","Coast0708"
"702","HS200742-H02-118-014",2007,52.267,-129.469,133,608.3,787.89,2,"GC","Coast0708"
"703","HS200742-H02-118-021",2007,52.267,-129.469,129,502.98,661.27,1,"GC","Coast0708"
"704","HS200742-H03-118-010",2007,52.323,-129.715,127,591.49,756.06,1,"GC","Coast0708"
"705","HS200742-H03-118-018",2007,52.323,-129.715,128,538.48,690.73,1,"GC","Coast0708"
"706","HS200742-H03-118-019",2007,52.323,-129.715,125,491.77,635.24,1,"GC","Coast0708"
"707","HS200742-H03-118-027",2007,52.323,-129.715,117,549.28,707.53,1,"GC","Coast0708"
"708","HS200742-H04-118-004",2007,52.378,-129.992,122,519.14,673.58,1,"GC","Coast0708"
"709","HS200742-VI06-118-009",2007,49.036,-126.115,104,510.04,618.48,1,"GC","Coast0708"
"710","HS200742-VI06-118-010",2007,49.036,-126.115,112,556.37,682.1,1,"GC","Coast0708"
"711","HS200742-H04-118-021",2007,52.378,-129.992,119,533.07,661.46,1,"GC","Coast0708"
"712","HS200742-H04-118-024",2007,52.378,-129.992,130,591.63,737.81,1,"GC","Coast0708"
"713","HS200742-VI05-118-004",2007,49.093,-126.017,108,549.02,667.4,1,"GC","Coast0708"
"714","HS200742-VI05-118-006",2007,49.093,-126.017,102,512.52,633.54,1,"GC","Coast0708"
"715","HS200742-VI05-118-007",2007,49.093,-126.017,98,512.63,615.88,1,"GC","Coast0708"
"716","HS200742-VI05-118-008",2007,49.093,-126.017,86,506.12,601.18,1,"GC","Coast0708"
"717","HS200742-VI22-118-008",2007,49.988,-127.589,112,511.56,651.49,2,"GC","Coast0708"
"718","HS200742-VI24-118-004",2007,50.051,-127.852,108,526.89,668.51,2,"GC","Coast0708"
"719","HS200742-VI24-118-006",2007,50.051,-127.852,116,547.95,704.54,1,"GC","Coast0708"
"720","HS200742-VI14-118-011",2007,49.594,-127.043,115,560.31,711.14,1,"GC","Coast0708"
"721","HS200742-VI14-118-018",2007,49.594,-127.043,113,518.02,685.79,1,"GC","Coast0708"
"722","HS200742-VI14-118-024",2007,49.594,-127.043,113,553.37,673.96,1,"GC","Coast0708"
"723","HS200742-VI18-118-002",2007,49.79,-127.337,114,538.4,668.75,1,"GC","Coast0708"
"724","HS200742-VI22-118-006",2007,49.988,-127.589,126,508.21,653.35,1,"GC","Coast0708"
"725","HS200742-VI28-118-001",2007,50.352,-128.113,108,511.36,641.65,1,"GC","Coast0708"
"726","HS200742-VI28-118-006",2007,50.352,-128.113,109,507.3,652.5,1,"GC","Coast0708"
"727","HS200742-VI28-118-016",2007,50.352,-128.113,101,493.2,650.23,1,"GC","Coast0708"
"728","HS200742-VI28-118-030",2007,50.352,-128.113,105,488.51,608.44,1,"GC","Coast0708"
"729","HS200742-VI30-118-007",2007,50.248,-128.282,131,497.96,653.57,1,"GC","Coast0708"
"730","HS200742-VI30-118-011",2007,50.248,-128.282,113,566.69,713.14,1,"GC","Coast0708"
"731","HS200742-VI30-118-018",2007,50.248,-128.282,106,532.12,668.73,1,"GC","Coast0708"
"732","HS200814-D01-118-003",2008,54.548,-132.356,174,695.3,824.85,2,"GC","Coast0708"
"733","HS200814-H07-118-008",2008,52.535,-130.756,158,706.25,803.95,2,"GC","Coast0708"
"734","HS200814-D01-118-006",2008,54.548,-132.356,170,651.38,798.13,2,"GC","Coast0708"
"735","HS200814-D01-118-008",2008,54.548,-132.356,169,664.94,829.52,1,"GC","Coast0708"
"736","HS200814-DT04-118-009",2008,54.456,-131.596,169,586.18,757.54,1,"GC","Coast0708"
"737","HS200814-DT05-118-001",2008,54.465,-131.777,170,678.29,793.95,2,"GC","Coast0708"
"738","HS200814-DT06-118-003",2008,54.477,-131.965,181,700.85,802.68,2,"GC","Coast0708"
"739","HS200814-DT06-118-008",2008,54.477,-131.965,183,710.75,867.93,2,"GC","Coast0708"
"740","HS200814-EP01-118-024",2008,49.334,-126.556,125,514.31,615.33,1,"GC","Coast0708"
"741","HS200814-H08-118-002",2008,52.597,-131.012,169,695.73,851.14,2,"GC","Coast0708"
"742","HS200814-IVI01-118-001",2008,48.905,-125.216,106,502.5,645.59,1,"GC","Coast0708"
"743","HS200814-IVI01-118-002",2008,48.905,-125.216,96,496.74,601.53,1,"GC","Coast0708"
"744","HS200814-H08-118-003",2008,52.597,-131.012,166,695.95,842.57,2,"GC","Coast0708"
"745","HS200814-H08-118-014",2008,52.597,-131.012,163,617.36,760.32,2,"GC","Coast0708"
"746","HS200814-H08-118-017",2008,52.597,-131.012,148,618.29,733.09,2,"GC","Coast0708"
"747","HS200814-HS01-118-005",2008,52.835,-130.885,162,658.73,736.98,2,"GC","Coast0708"
"748","HS200814-HS01-118-007",2008,52.835,-130.885,157,607.71,773.08,1,"GC","Coast0708"
"749","HS200814-HS01-118-015",2008,52.835,-130.885,164,679.23,804.83,2,"GC","Coast0708"
"750","HS200814-HS02-118-003",2008,53.046,-130.885,156,662.37,803.89,1,"GC","Coast0708"
"751","HS200814-HS03-118-002",2008,53.227,-130.956,156,718.29,835.75,2,"GC","Coast0708"
"752","HS200814-IVI01-118-006",2008,48.905,-125.216,96,449.31,607.41,1,"GC","Coast0708"
"753","HS200814-IVI01-118-007",2008,48.905,-125.216,100,490.62,567.08,1,"GC","Coast0708"
"754","HS200814-IVI01-118-008",2008,48.905,-125.216,99,553.01,639.9,1,"GC","Coast0708"
"755","HS200814-IVI01-118-009",2008,48.905,-125.216,101,544.42,649,1,"GC","Coast0708"
"756","HS200814-IVI01-118-012",2008,48.905,-125.216,103,537.79,646.93,1,"GC","Coast0708"
"757","HS200814-IVI01-118-016",2008,48.905,-125.216,106,494.54,661.07,1,"GC","Coast0708"
"758","HS200814-IVI01-118-023",2008,48.905,-125.216,96,569.37,643.37,1,"GC","Coast0708"
"759","HS200814-VI03-118-010",2008,48.798,-125.365,101,484.12,597.28,1,"GC","Coast0708"
"760","HS200814-VI03-118-014",2008,48.798,-125.365,107,636.22,696.36,2,"GC","Coast0708"
"761","HS200814-IVI01-118-011",2008,48.905,-125.216,104,495.63,592,1,"GC","Coast0708"
"762","HS200814-IVI01-118-026",2008,48.905,-125.216,116,511.17,635.86,1,"GC","Coast0708"
"763","HS200814-IVI01-118-028",2008,48.905,-125.216,104,508.27,599.57,1,"GC","Coast0708"
"764","HS200814-VI03-118-001",2008,48.798,-125.365,118,538.9,682.37,1,"GC","Coast0708"
"765","HS200814-VI03-118-003",2008,48.798,-125.365,110,492.35,644.81,1,"GC","Coast0708"
"766","HS200814-VI03-118-004",2008,48.798,-125.365,123,538.31,702.6,1,"GC","Coast0708"
"767","HS200814-VI03-118-006",2008,48.798,-125.365,106,545.11,665.46,1,"GC","Coast0708"
"768","HS200814-VI03-118-015",2008,48.798,-125.365,102,519.31,634.93,1,"GC","Coast0708"
"769","HS200814-VI18-118-001",2008,49.637,-126.958,126,546.74,737.72,1,"GC","Coast0708"
"770","HS200814-VI18-118-004",2008,49.637,-126.958,128,530.33,664.54,1,"GC","Coast0708"
"771","HS200814-VI18-118-005",2008,49.637,-126.958,126,527.41,652.96,1,"GC","Coast0708"
"772","HS200814-VI03-118-016",2008,48.798,-125.365,124,575.72,701.69,1,"GC","Coast0708"
"773","HS200814-VI03-118-020",2008,48.798,-125.365,107,524.32,639.76,1,"GC","Coast0708"
"774","HS200814-VI04-118-004",2008,48.68,-125.595,108,499.53,629.9,1,"GC","Coast0708"
"775","HS200814-VI10-118-003",2008,49.094,-126.014,129,590.44,725.97,1,"GC","Coast0708"
"776","HS200814-VI11-118-013",2008,49.048,-126.108,124,573.45,702.13,1,"GC","Coast0708"
"777","HS200814-VI11-118-014",2008,49.048,-126.108,123,558.93,683.67,1,"GC","Coast0708"
"778","HS200814-VI12-118-008",2008,48.992,-126.208,135,733.54,841.42,2,"GC","Coast0708"
"779","HS200814-VI12-118-012",2008,48.992,-126.208,136,517.8,652.73,1,"GC","Coast0708"
"780","HS200814-VI18-118-018",2008,49.637,-126.958,126,529.32,659.16,1,"GC","Coast0708"
"781","HS200814-VI22-118-016",2008,49.769,-127.573,144,593.35,732.46,1,"GC","Coast0708"
"782","HS200814-VI23-118-004",2008,49.842,-127.485,125,598.17,737.3,1,"GC","Coast0708"
"783","HS200814-VI23-118-006",2008,49.842,-127.485,136,530.98,672.07,1,"GC","Coast0708"
"784","HS200814-VI18-118-026",2008,49.637,-126.958,121,502.56,629.03,1,"GC","Coast0708"
"785","HS200814-VI19-118-028",2008,49.59,-127.048,130,534.15,700.16,1,"GC","Coast0708"
"786","HS200814-VI20-118-014",2008,49.533,-127.147,137,577.52,702.06,1,"GC","Coast0708"
"787","HS200814-VI20-118-018",2008,49.533,-127.147,140,584.22,737.91,1,"GC","Coast0708"
"788","HS200814-VI21-118-017",2008,49.485,-127.25,146,685.57,788.56,2,"GC","Coast0708"
"789","HS200814-VI22-118-012",2008,49.769,-127.573,161,646.07,798.52,1,"GC","Coast0708"
"790","HS200814-VI22-118-013",2008,49.769,-127.573,144,653.27,788.92,2,"GC","Coast0708"
"791","HS200814-H04-118-003",2008,52.378,-129.978,116,547.68,648.69,1,"LA","Coast0708"
"792","HS200814-HS03-118-020",2008,53.227,-130.956,130,607.88,702.36,1,"LA","Coast0708"
"793","HS200814-HS03-118-022",2008,53.227,-130.956,123,532.44,631.1,1,"LA","Coast0708"
"794","HS200814-HS03-118-024",2008,53.227,-130.956,133,617.78,716.96,1,"LA","Coast0708"
"795","HS200814-H04-118-004",2008,52.378,-129.978,126,531.99,661.87,1,"LA","Coast0708"
"796","HS200814-H04-118-010",2008,52.378,-129.978,118,568.76,666.37,1,"LA","Coast0708"
"797","HS200814-H04-118-011",2008,52.378,-129.978,130,653.92,755.82,1,"LA","Coast0708"
"798","HS200814-H04-118-015",2008,52.378,-129.978,116,591.99,689.48,1,"LA","Coast0708"
"799","HS200814-H04-118-016",2008,52.378,-129.978,115,533.95,638.22,1,"LA","Coast0708"
"800","HS200814-HS02-118-004",2008,53.046,-130.885,142,648.82,749.9,1,"LA","Coast0708"
"801","HS200814-HS03-118-019",2008,53.227,-130.956,146,694.39,815.41,1,"LA","Coast0708"
"802","HS200814-QCI15-118-001",2008,52.878,-132.308,136,662.63,737.14,1,"LA","Coast0708"
"803","HS200814-QCI18-118-017",2008,52.563,-131.901,127,568.32,715.45,1,"LA","Coast0708"
"804","HS200814-QCI18-118-019",2008,52.563,-131.901,127,572.09,684.52,1,"LA","Coast0708"
"805","HS200814-QCI18-118-022",2008,52.563,-131.901,128,604.49,725.63,1,"LA","Coast0708"
"806","HS200814-QCI15-118-019",2008,52.878,-132.308,135,600.65,728.08,1,"LA","Coast0708"
"807","HS200814-QCI17-118-005",2008,52.704,-132.109,143,657.69,765.04,1,"LA","Coast0708"
"808","HS200814-QCI17-118-011",2008,52.704,-132.109,131,561.47,667.35,1,"LA","Coast0708"
"809","HS200814-QCI17-118-012",2008,52.704,-132.109,125,583.82,684.52,1,"LA","Coast0708"
"810","HS200814-QCI18-118-006",2008,52.563,-131.901,130,570.83,683.15,1,"LA","Coast0708"
"811","HS200814-QCI18-118-010",2008,52.563,-131.901,132,601.41,730.28,1,"LA","Coast0708"
"812","HS200814-QCI18-118-011",2008,52.563,-131.901,127,561.64,693.98,1,"LA","Coast0708"
"813","HS200814-QCI18-118-023",2008,52.563,-131.901,133,560.79,685.11,1,"LA","Coast0708"
"814","HS200814-T02-118-005",2008,51.215,-128.452,110,555.48,677.01,1,"LA","Coast0708"
"815","HS200814-T02-118-013",2008,51.215,-128.452,123,535.32,623.6,1,"LA","Coast0708"
"816","HS200814-T02-118-025",2008,51.215,-128.452,109,544.35,670.29,1,"LA","Coast0708"
"817","HS200814-QCI18-118-025",2008,52.563,-131.901,125,562.44,686.34,1,"LA","Coast0708"
"818","HS200814-QCI18-118-028",2008,52.563,-131.901,124,601.15,726.92,1,"LA","Coast0708"
"819","HS200814-QCI18-118-030",2008,52.563,-131.901,131,687.25,788.12,1,"LA","Coast0708"
"820","HS200814-QCI19-118-001",2008,52.441,-131.704,128,551.18,682.86,1,"LA","Coast0708"
"821","HS200814-QCI22-118-001",2008,52.075,-131.284,126,573.27,708.12,1,"LA","Coast0708"
"822","HS200814-QCI22-118-004",2008,52.075,-131.284,131,572.07,706.56,1,"LA","Coast0708"
"823","HS200814-T01-118-019",2008,51.28,-128.327,108,520.29,616.68,1,"LA","Coast0708"
"824","HS200814-T02-118-002",2008,51.215,-128.452,115,555.33,664.87,1,"LA","Coast0708"
"825","HS200814-T02-118-027",2008,51.215,-128.452,107,515.97,635.41,1,"LA","Coast0708"
"826","HS200814-T02-118-030",2008,51.215,-128.452,109,557.77,680.33,1,"LA","Coast0708"
"827","HS200814-T04-118-001",2008,51.082,-128.716,110,576.35,708.99,1,"LA","Coast0708"
"828","HS200814-T04-118-002",2008,51.082,-128.716,105,525.95,627.49,1,"LA","Coast0708"
"829","HS200814-T04-118-007",2008,51.082,-128.716,119,556.14,679.98,1,"LA","Coast0708"
"830","HS200814-T04-118-016",2008,51.082,-128.716,122,532.92,649.09,1,"LA","Coast0708"
"831","HS200814-T04-118-027",2008,51.082,-128.716,110,507,604.11,1,"LA","Coast0708"
"832","HS200742-B02-118-005",2007,56.244,-135.052,154,593.83,756.6,1,"SP","Coast0708"
"833","HS200742-EP01-118-009",2007,49.343,-126.55,104,537.98,646.95,1,"SP","Coast0708"
"834","HS200742-EP01-118-022",2007,49.343,-126.55,91,518.79,628.52,1,"SP","Coast0708"
"835","HS200742-EP02-118-015",2007,49.307,-126.62,103,539.47,661.84,1,"SP","Coast0708"
"836","HS200742-B03-118-005",2007,56.203,-135.159,152,637.67,887.16,1,"SP","Coast0708"
"837","HS200742-B03-118-011",2007,56.203,-135.159,161,703.88,874.27,1,"SP","Coast0708"
"838","HS200742-B03-118-022",2007,56.203,-135.159,174,602.63,797.23,1,"SP","Coast0708"
"839","HS200742-B03-118-028",2007,56.203,-135.159,205,774.87,968.79,2,"SP","Coast0708"
"840","HS200742-B04-118-001",2007,56.16,-135.261,177,572.73,759,1,"SP","Coast0708"
"841","HS200742-B05-118-003",2007,56.119,-135.363,158,597.94,803.98,1,"SP","Coast0708"
"842","HS200742-EP01-118-001",2007,49.343,-126.55,117,563.86,679.97,1,"SP","Coast0708"
"843","HS200742-EP02-118-019",2007,49.307,-126.62,95,573.1,662.75,1,"SP","Coast0708"
"844","HS200742-H02-118-010",2007,52.267,-129.469,132,616.52,767.28,1,"SP","Coast0708"
"845","HS200742-H02-118-018",2007,52.267,-129.469,130,606.96,754.39,1,"SP","Coast0708"
"846","HS200742-H03-118-006",2007,52.323,-129.715,129,608.89,756.02,1,"SP","Coast0708"
"847","HS200742-EP03-118-007",2007,49.279,-126.688,108,521.43,644.85,1,"SP","Coast0708"
"848","HS200742-EP03-118-010",2007,49.279,-126.688,108,561.02,682.86,1,"SP","Coast0708"
"849","HS200742-EP03-118-024",2007,49.279,-126.688,103,561.17,696.86,1,"SP","Coast0708"
"850","HS200742-EP03-118-028",2007,49.279,-126.688,105,527.92,650.05,1,"SP","Coast0708"
"851","HS200742-EP05-118-002",2007,49.199,-126.838,114,591.44,717.38,1,"SP","Coast0708"
"852","HS200742-EP05-118-003",2007,49.199,-126.838,102,538.95,649.97,1,"SP","Coast0708"
"853","HS200742-H01-118-013",2007,52.209,-129.201,127,593.36,701.69,1,"SP","Coast0708"
"854","HS200742-H02-118-008",2007,52.267,-129.469,127,606.35,755.27,1,"SP","Coast0708"
"855","HS200742-H03-118-015",2007,52.323,-129.715,132,558.47,723.46,1,"SP","Coast0708"
"856","HS200742-HS05-118-008",2007,53.488,-130.996,147,585.67,746.35,1,"SP","Coast0708"
"857","HS200742-HS05-118-013",2007,53.488,-130.996,159,632.59,810.04,1,"SP","Coast0708"
"858","HS200742-HS05-118-016",2007,53.488,-130.996,146,638.04,786.45,1,"SP","Coast0708"
"859","HS200742-H03-118-025",2007,52.323,-129.715,127,575.25,744.84,1,"SP","Coast0708"
"860","HS200742-H04-118-002",2007,52.378,-129.992,123,672.26,809.89,1,"SP","Coast0708"
"861","HS200742-H04-118-016",2007,52.378,-129.992,125,586.21,728.14,1,"SP","Coast0708"
"862","HS200742-H04-118-019",2007,52.378,-129.992,133,576.66,711.4,1,"SP","Coast0708"
"863","HS200742-H04-118-028",2007,52.378,-129.992,132,615.26,780.66,1,"SP","Coast0708"
"864","HS200742-H05-118-005",2007,52.442,-130.235,118,532.41,679.16,1,"SP","Coast0708"
"865","HS200742-HS04-118-014",2007,53.351,-131.078,146,595.1,751.56,1,"SP","Coast0708"
"866","HS200742-HS04-118-022",2007,53.351,-131.078,144,683.47,879.54,1,"SP","Coast0708"
"867","HS200742-HS05-118-027",2007,53.488,-130.996,149,655.89,831.03,1,"SP","Coast0708"
"868","HS200742-QCI04-118-010",2007,53.537,-133.057,148,559.34,759.02,1,"SP","Coast0708"
"869","HS200742-QCI06-118-003",2007,52.708,-132.116,168,729.47,901.39,2,"SP","Coast0708"
"870","HS200742-QCI01-118-002",2007,53.911,-133.362,155,557.5,762.86,1,"SP","Coast0708"
"871","HS200742-QCI02-118-003",2007,53.808,-133.215,159,628.37,801.56,1,"SP","Coast0708"
"872","HS200742-QCI02-118-005",2007,53.808,-133.215,157,629.42,802.34,1,"SP","Coast0708"
"873","HS200742-QCI03-118-001",2007,53.693,-133.097,157,568.39,748.97,1,"SP","Coast0708"
"874","HS200742-QCI04-118-001",2007,53.537,-133.057,169,588.13,784.4,1,"SP","Coast0708"
"875","HS200742-QCI04-118-002",2007,53.537,-133.057,151,599.86,814.75,1,"SP","Coast0708"
"876","HS200742-QCI06-118-005",2007,52.708,-132.116,153,602.83,746.56,1,"SP","Coast0708"
"877","HS200742-QCI07-118-001",2007,52.571,-131.916,161,615.92,785.52,1,"SP","Coast0708"
"878","HS200742-QCI07-118-002",2007,52.571,-131.916,145,566.07,746.39,1,"SP","Coast0708"
"879","HS200742-QCI07-118-003",2007,52.571,-131.916,161,598.61,821.54,1,"SP","Coast0708"
"880","HS200742-QCI07-118-005",2007,52.571,-131.916,153,598.34,800.1,1,"SP","Coast0708"
"881","HS200742-QCI08-118-002",2007,52.45,-131.718,144,611.69,794.05,1,"SP","Coast0708"
"882","HS200742-QCI08-118-004",2007,52.45,-131.718,144,631.29,820.79,1,"SP","Coast0708"
"883","HS200742-QCI08-118-006",2007,52.45,-131.718,149,575.14,770.59,1,"SP","Coast0708"
"884","HS200742-VI14-118-006",2007,49.594,-127.043,116,582.15,706.69,1,"SP","Coast0708"
"885","HS200742-VI14-118-015",2007,49.594,-127.043,113,495.65,644.3,1,"SP","Coast0708"
"886","HS200742-VI14-118-016",2007,49.594,-127.043,112,595.71,698.39,1,"SP","Coast0708"
"887","HS200742-VI14-118-017",2007,49.594,-127.043,117,583.13,715.74,1,"SP","Coast0708"
"888","HS200742-VI28-118-023",2007,50.352,-128.113,105,486.94,606.41,1,"SP","Coast0708"
"889","HS200742-VI30-118-014",2007,50.248,-128.282,115,568.25,727.98,1,"SP","Coast0708"
"890","HS200742-VI30-118-028",2007,50.248,-128.282,141,591.49,767.13,1,"SP","Coast0708"
"891","HS200742-VI14-118-020",2007,49.594,-127.043,114,629.76,765.09,1,"SP","Coast0708"
"892","HS200742-VI14-118-030",2007,49.594,-127.043,95,518.05,641.27,1,"SP","Coast0708"
"893","HS200742-VI18-118-001",2007,49.79,-127.337,117,599.27,744.14,1,"SP","Coast0708"
"894","HS200742-VI22-118-001",2007,49.988,-127.589,113,591.32,732.2,1,"SP","Coast0708"
"895","HS200742-VI24-118-002",2007,50.051,-127.852,114,554.8,693.36,1,"SP","Coast0708"
"896","HS200742-VI24-118-005",2007,50.051,-127.852,113,587.31,719.94,1,"SP","Coast0708"
"897","HS200742-VI28-118-008",2007,50.352,-128.113,108,472.22,586.69,1,"SP","Coast0708"
"898","HS200742-VI28-118-022",2007,50.352,-128.113,108,554.65,652.45,1,"SP","Coast0708"
"899","HS200814-D01-118-005",2008,54.548,-132.356,176,645.5,805.32,1,"SP","Coast0708"
"900","HS200814-DT02-118-001",2008,54.425,-131.209,160,623.15,785.59,1,"SP","Coast0708"
"901","HS200814-DT04-118-007",2008,54.456,-131.596,152,663.72,778.06,1,"SP","Coast0708"
"902","HS200814-D01-118-007",2008,54.548,-132.356,164,647.21,761.54,1,"SP","Coast0708"
"903","HS200814-D01-118-010",2008,54.548,-132.356,177,651.15,802.4,1,"SP","Coast0708"
"904","HS200814-D01-118-016",2008,54.548,-132.356,168,708.5,838.74,2,"SP","Coast0708"
"905","HS200814-D01-118-021",2008,54.548,-132.356,196,729.07,880.84,2,"SP","Coast0708"
"906","HS200814-D01-118-025",2008,54.548,-132.356,178,608.16,835.01,1,"SP","Coast0708"
"907","HS200814-D01-118-026",2008,54.548,-132.356,177,670.85,863.06,1,"SP","Coast0708"
"908","HS200814-D01-118-029",2008,54.548,-132.356,169,671.96,860.88,1,"SP","Coast0708"
"909","HS200814-D05-118-001",2008,54.363,-133.27,187,706.43,853.74,2,"SP","Coast0708"
"910","HS200814-DT04-118-010",2008,54.456,-131.596,173,625.42,810.54,1,"SP","Coast0708"
"911","HS200814-EP01-118-020",2008,49.334,-126.556,127,579.39,707.55,1,"SP","Coast0708"
"912","HS200814-EP01-118-021",2008,49.334,-126.556,125,512.21,653.29,1,"SP","Coast0708"
"913","HS200814-EP01-118-027",2008,49.334,-126.556,123,535.31,671.92,1,"SP","Coast0708"
"914","HS200814-DT05-118-005",2008,54.465,-131.777,157,638.15,802.98,1,"SP","Coast0708"
"915","HS200814-DT06-118-001",2008,54.477,-131.965,180,697.3,868.28,2,"SP","Coast0708"
"916","HS200814-DT06-118-002",2008,54.477,-131.965,183,604.31,751.39,1,"SP","Coast0708"
"917","HS200814-DT06-118-009",2008,54.477,-131.965,166,648.93,809.14,1,"SP","Coast0708"
"918","HS200814-DT07-118-006",2008,54.494,-132.148,171,667.78,863.38,1,"SP","Coast0708"
"919","HS200814-EP01-118-010",2008,49.334,-126.556,124,582.9,712.5,1,"SP","Coast0708"
"920","HS200814-EP01-118-011",2008,49.334,-126.556,123,582.38,722.37,1,"SP","Coast0708"
"921","HS200814-EP01-118-014",2008,49.334,-126.556,132,556.24,734.14,1,"SP","Coast0708"
"922","HS200814-EP02-118-008",2008,49.313,-126.612,126,539.54,687.66,1,"SP","Coast0708"
"923","HS200814-H08-118-020",2008,52.597,-131.012,170,613.35,746.09,1,"SP","Coast0708"
"924","HS200814-H08-118-021",2008,52.597,-131.012,149,635.55,788.3,1,"SP","Coast0708"
"925","HS200814-H08-118-028",2008,52.597,-131.012,162,625.5,791.34,1,"SP","Coast0708"
"926","HS200814-EP02-118-022",2008,49.313,-126.612,124,601.43,701.7,1,"SP","Coast0708"
"927","HS200814-EP02-118-023",2008,49.313,-126.612,125,655.62,746.57,1,"SP","Coast0708"
"928","HS200814-EP03-118-003",2008,49.278,-126.682,156,618.95,764.07,1,"SP","Coast0708"
"929","HS200814-H07-118-011",2008,52.535,-130.756,155,694.99,840.35,1,"SP","Coast0708"
"930","HS200814-H08-118-001",2008,52.597,-131.012,155,578.7,750.45,1,"SP","Coast0708"
"931","HS200814-H08-118-008",2008,52.597,-131.012,162,588.23,742.1,1,"SP","Coast0708"
"932","HS200814-H08-118-010",2008,52.597,-131.012,160,605.01,783.07,1,"SP","Coast0708"
"933","HS200814-HS04-118-005",2008,53.355,-131.07,162,647.77,786.19,1,"SP","Coast0708"
"934","HS200814-HS04-118-006",2008,53.355,-131.07,160,640.01,786.77,1,"SP","Coast0708"
"935","HS200814-HS04-118-008",2008,53.355,-131.07,161,617.89,787.51,1,"SP","Coast0708"
"936","HS200814-HS01-118-009",2008,52.835,-130.885,175,567.6,755.08,1,"SP","Coast0708"
"937","HS200814-HS01-118-017",2008,52.835,-130.885,164,574.09,761.66,1,"SP","Coast0708"
"938","HS200814-HS01-118-022",2008,52.835,-130.885,168,658.81,804.87,1,"SP","Coast0708"
"939","HS200814-HS02-118-008",2008,53.046,-130.885,170,582.7,781.63,1,"SP","Coast0708"
"940","HS200814-HS02-118-013",2008,53.046,-130.885,182,618.81,812.12,1,"SP","Coast0708"
"941","HS200814-HS03-118-001",2008,53.227,-130.956,159,580,765.73,1,"SP","Coast0708"
"942","HS200814-HS03-118-003",2008,53.227,-130.956,170,686.99,880.72,1,"SP","Coast0708"
"943","HS200814-HS03-118-009",2008,53.227,-130.956,162,575.64,755.84,1,"SP","Coast0708"
"944","HS200814-IVI01-118-005",2008,48.905,-125.216,91,511.95,598.4,1,"SP","Coast0708"
"945","HS200814-QCI12-118-011",2008,53.145,-132.654,191,640.43,824,1,"SP","Coast0708"
"946","HS200814-QCI12-118-001",2008,53.145,-132.654,174,689.35,890.2,1,"SP","Coast0708"
"947","HS200814-QCI12-118-013",2008,53.145,-132.654,163,566.3,718.24,1,"SP","Coast0708"
"948","HS200814-IVI01-118-022",2008,48.905,-125.216,104,561.85,669.44,1,"SP","Coast0708"
"949","HS200814-QCI03-118-001",2008,53.798,-133.214,163,629.13,824.35,1,"SP","Coast0708"
"950","HS200814-QCI03-118-002",2008,53.798,-133.214,172,650.31,796.28,1,"SP","Coast0708"
"951","HS200814-QCI03-118-003",2008,53.798,-133.214,165,637.09,796.64,1,"SP","Coast0708"
"952","HS200814-QCI03-118-004",2008,53.798,-133.214,200,581.07,739.4,1,"SP","Coast0708"
"953","HS200814-QCI12-118-006",2008,53.145,-132.654,182,756.04,904.88,2,"SP","Coast0708"
"954","HS200814-QCI12-118-007",2008,53.145,-132.654,168,665.6,965.04,1,"SP","Coast0708"
"955","HS200814-QCI12-118-009",2008,53.145,-132.654,178,686.86,809.55,2,"SP","Coast0708"
"956","HS200814-QCI12-118-014",2008,53.145,-132.654,164,575.47,749.87,1,"SP","Coast0708"
"957","HS200814-QCI13-118-001",2008,53.049,-132.548,163,587.23,751.01,1,"SP","Coast0708"
"958","HS200814-QCI15-118-009",2008,52.878,-132.308,154,627.4,774.69,1,"SP","Coast0708"
"959","HS200814-QCI15-118-015",2008,52.878,-132.308,135,632.21,742.47,1,"SP","Coast0708"
"960","HS200814-QCI15-118-018",2008,52.878,-132.308,154,584.37,735.26,1,"SP","Coast0708"
"961","HS200814-QCI17-118-014",2008,52.704,-132.109,150,527.9,685,1,"SP","Coast0708"
"962","HS200814-T06-118-009",2008,50.934,-128.959,130,650.7,814.73,1,"SP","Coast0708"
"963","HS200814-T07-118-014",2008,50.821,-129.228,137,558.6,693.3,1,"SP","Coast0708"
"964","HS200814-T07-118-016",2008,50.821,-129.228,147,610.65,756.1,1,"SP","Coast0708"
"965","HS200814-T06-118-015",2008,50.934,-128.959,130,551.28,681.52,1,"SP","Coast0708"
"966","HS200814-T06-118-017",2008,50.934,-128.959,136,595.61,717.4,1,"SP","Coast0708"
"967","HS200814-T06-118-022",2008,50.934,-128.959,142,579.23,712.49,1,"SP","Coast0708"
"968","HS200814-T06-118-026",2008,50.934,-128.959,136,648.19,833.74,1,"SP","Coast0708"
"969","HS200814-T06-118-028",2008,50.934,-128.959,129,512.81,647.95,1,"SP","Coast0708"
"970","HS200814-T07-118-001",2008,50.821,-129.228,150,629.7,782.1,1,"SP","Coast0708"
"971","HS200814-T07-118-005",2008,50.821,-129.228,161,639.99,778.85,1,"SP","Coast0708"
"972","HS200814-T07-118-007",2008,50.821,-129.228,182,813.42,935.37,1,"SP","Coast0708"
"973","HS200814-T07-118-018",2008,50.821,-129.228,139,624.85,783.64,1,"SP","Coast0708"
"974","HS200814-VI20-118-019",2008,49.533,-127.147,148,584.57,716.99,1,"SP","Coast0708"
"975","HS200814-VI20-118-026",2008,49.533,-127.147,134,537.8,685.11,1,"SP","Coast0708"
"976","HS200814-VI21-118-006",2008,49.485,-127.25,150,609.5,733.81,1,"SP","Coast0708"
"977","HS200814-VI18-118-017",2008,49.637,-126.958,131,565.5,694.57,1,"SP","Coast0708"
"978","HS200814-VI18-118-028",2008,49.637,-126.958,130,578.71,704.9,1,"SP","Coast0708"
"979","HS200814-VI19-118-012",2008,49.59,-127.048,134,575.99,727.66,1,"SP","Coast0708"
"980","HS200814-VI19-118-030",2008,49.59,-127.048,122,573.15,747.36,1,"SP","Coast0708"
"981","HS200814-VI20-118-008",2008,49.533,-127.147,135,585.09,742.75,1,"SP","Coast0708"
"982","HS200814-VI20-118-009",2008,49.533,-127.147,145,567.36,703.99,1,"SP","Coast0708"
"983","HS200814-VI22-118-005",2008,49.769,-127.573,149,639.75,763.61,1,"SP","Coast0708"
"984","HS200814-VI22-118-007",2008,49.769,-127.573,138,554.21,692.68,1,"SP","Coast0708"
"985","HS200814-VI22-118-008",2008,49.769,-127.573,137,524.78,662.91,1,"SP","Coast0708"
"986","HS200814-VI22-118-011",2008,49.769,-127.573,143,612.8,761.22,1,"SP","Coast0708"
"987","HS200814-VI23-118-001",2008,49.842,-127.485,145,597.8,785.16,1,"SP","Coast0708"
"988","HS200814-VI23-118-005",2008,49.842,-127.485,138,616.07,772.6,1,"SP","Coast0708"
"1100","HS200765-DE07-118-001",2007,54.469,-131.468,209,484.08,917.84,1,"GC","Fall08"
"2100","HS200815-DE01-118-002",2008,54.252,-131.688,185,553.89,919.99,1,"LA","Fall08"
"4100","HS200815-DE01-118-004",2008,54.252,-131.688,176,495.78,833.04,1,"LA","Fall08"
"7100","HS200815-DE01-118-009",2008,54.252,-131.688,168,488.97,822.09,1,"CH","Fall08"
"8100","HS200815-DE02-118-004",2008,54.149,-131.972,199,509.12,832.14,1,"LA","Fall08"
"1010","HS200815-DE02-118-008",2008,54.149,-131.972,189,501.47,837.15,1,"LA","Fall08"
"1110","HS200815-DE02-118-010",2008,54.149,-131.972,188,534.41,875.67,1,"CH","Fall08"
"1210","HS200815-DE02-118-015",2008,54.149,-131.972,178,571.91,828.39,1,"LA","Fall08"
"1310","HS200815-DE02-118-017",2008,54.149,-131.972,202,557.74,909.84,1,"LA","Fall08"
"1410","HS200815-DE03-118-001",2008,54.15,-132.205,190,535.63,906.54,1,"LA","Fall08"
"1510","HS200815-DE03-118-002",2008,54.15,-132.205,191,557.83,911.04,1,"LA","Fall08"
"1610","HS200815-DE03-118-004",2008,54.15,-132.205,191,568.29,977.57,1,"LA","Fall08"
"1710","HS200815-DE04-118-001",2008,54.139,-132.495,205,589.91,976.6,1,"LA","Fall08"
"1810","HS200815-DE05-118-001",2008,54.18,-132.783,191,539.87,828.04,1,"LA","Fall08"
"1910","HS200815-DE06-118-001",2008,54.256,-132.947,181,538.92,831.73,1,"LA","Fall08"
"2010","HS200815-H01-118-001",2008,52.206,-129.191,185,505.76,883.26,1,"GC","Fall08"
"2110","HS200815-H01-118-009",2008,52.206,-129.191,178,537.14,842.42,1,"CH","Fall08"
"2210","HS200815-H01-118-011",2008,52.206,-129.191,180,579.43,923.34,1,"LA","Fall08"
"2310","HS200815-H03-118-003",2008,52.318,-129.715,187,513.91,800.24,1,"CH","Fall08"
"2410","HS200815-H03-118-004",2008,52.318,-129.715,164,490.78,838.98,1,"GC","Fall08"
"2510","HS200815-H04-118-001",2008,52.37,-129.981,175,480.17,773.87,1,"CH","Fall08"
"2610","HS200815-H04-118-002",2008,52.37,-129.981,182,513.77,877.32,1,"LA","Fall08"
"2710","HS200815-H04-118-003",2008,52.37,-129.981,175,473.66,788.06,1,"CH","Fall08"
"2810","HS200815-H05-118-002",2008,52.428,-130.249,183,512.58,915.1,1,"LA","Fall08"
"2910","HS200815-H05-118-003",2008,52.428,-130.249,172,531.56,878.94,1,"LA","Fall08"
"3010","HS200815-H05-118-006",2008,52.428,-130.249,186,567.99,919.77,1,"CH","Fall08"
"3110","HS200815-H06-118-006",2008,52.485,-130.508,192,559.64,915.06,1,"CH","Fall08"
"3210","HS200815-H06-118-009",2008,52.485,-130.508,175,553.65,918.36,1,"CH","Fall08"
"3310","HS200815-H06-118-012",2008,52.485,-130.508,172,510.95,850.5,1,"LA","Fall08"
"3610","HS200815-H06-118-020",2008,52.485,-130.508,181,526.91,895.63,1,"CH","Fall08"
"3710","HS200815-H06-118-021",2008,52.485,-130.508,173,575.63,886.57,1,"CH","Fall08"
"4010","HS200815-H06-118-025",2008,52.485,-130.508,186,504.36,881.67,1,"LA","Fall08"
"4110","HS200815-IBC05-118-002",2008,54.857,-130.211,186,538.31,875.66,1,"GC","Fall08"
"4310","HS200815-IBC05-118-011",2008,54.857,-130.211,205,542.18,952.33,1,"LA","Fall08"
"4410","HS200815-IBC05-118-019",2008,54.857,-130.211,181,510.95,907.91,1,"GC","Fall08"
"4610","HS200815-IBC06-118-002",2008,54.786,-130.312,189,557.48,939.17,1,"GC","Fall08"
"4710","HS200815-IBC06-118-009",2008,54.786,-130.312,188,511.5,861.47,1,"GC","Fall08"
"4810","HS200815-IBC07-118-006",2008,54.724,-130.419,191,520.57,923.51,1,"GC","Fall08"
"4910","HS200815-IBC07-118-008",2008,54.724,-130.419,176,497.93,822.85,1,"GC","Fall08"
"5310","HS200815-IBC07-118-022",2008,54.724,-130.419,175,561.66,828.38,1,"LA","Fall08"
"5410","HS200815-IBC07-118-025",2008,54.724,-130.419,180,521.92,898.2,1,"LA","Fall08"
"5510","HS200815-IBC07-118-027",2008,54.724,-130.419,175,507.76,809,1,"CH","Fall08"
"5610","HS200815-IBC07-118-030",2008,54.724,-130.419,199,504.37,889.36,1,"CH","Fall08"
"5710","HS200815-IBC08-118-008",2008,54.611,-130.569,196,550.06,893.59,1,"LA","Fall08"
"6210","HS200815-IBC08-118-017",2008,54.611,-130.569,185,510.42,891.07,1,"CH","Fall08"
"6310","HS200815-IBC08-118-018",2008,54.611,-130.569,200,536.64,921.77,1,"CH","Fall08"
"6510","HS200815-IBC08-118-021",2008,54.611,-130.569,181,536.64,898.52,1,"CH","Fall08"
"6610","HS200815-IBC09-118-008",2008,54.441,-130.568,178,484.65,857.59,1,"LA","Fall08"
"6710","HS200815-IBC09-118-009",2008,54.441,-130.568,184,544.05,892.51,1,"LA","Fall08"
"6910","HS200815-IBC09-118-013",2008,54.441,-130.568,177,556.61,852.42,1,"CH","Fall08"
"7010","HS200815-IBC09-118-015",2008,54.441,-130.568,189,548.2,905.95,1,"LA","Fall08"
"7110","HS200815-IBC09-118-018",2008,54.441,-130.568,201,543.83,933.26,1,"LA","Fall08"
"7410","HS200815-IBC09-118-025",2008,54.441,-130.568,182,512.82,866.25,1,"LA","Fall08"
"7610","HS200815-IBC09-118-029",2008,54.441,-130.568,204,556.56,912.71,1,"LA","Fall08"
