long,lat,year,month,temp
-136,48,1911,3,5.92
-136,48,1911,4,5.89
-136,48,1911,5,6.56
-136,48,1911,6,9.18
-136,50,1911,3,5.35
-136,50,1911,4,5.42
-136,50,1911,5,6.11
-136,50,1911,6,8.89
-136,52,1911,3,4.97
-136,52,1911,4,5.18
-136,52,1911,5,5.91
-136,52,1911,6,8.84
-136,54,1911,3,4.6
-136,54,1911,4,4.99
-136,54,1911,5,5.77
-136,54,1911,6,8.87
-136,56,1911,3,4.23
-136,56,1911,4,4.79
-136,56,1911,5,5.65
-136,56,1911,6,8.91
-136,58,1911,3,3.96
-136,58,1911,4,4.67
-136,58,1911,5,5.58
-136,58,1911,6,8.96
-134,48,1911,3,6.18
-134,48,1911,4,6.18
-134,48,1911,5,6.86
-134,48,1911,6,9.46
-134,50,1911,3,5.67
-134,50,1911,4,5.78
-134,50,1911,5,6.46
-134,50,1911,6,9.23
-134,52,1911,3,5.33
-134,52,1911,4,5.6
-134,52,1911,5,6.28
-134,52,1911,6,9.19
-134,54,1911,3,4.94
-134,54,1911,4,5.37
-134,54,1911,5,6.08
-134,54,1911,6,9.12
-134,56,1911,3,4.48
-134,56,1911,4,5.09
-134,56,1911,5,5.84
-134,56,1911,6,9
-134,58,1911,3,4.09
-134,58,1911,4,4.83
-134,58,1911,5,5.6
-134,58,1911,6,8.88
-132,48,1911,3,6.42
-132,48,1911,4,6.52
-132,48,1911,5,7.23
-132,48,1911,6,9.75
-132,50,1911,3,5.97
-132,50,1911,4,6.2
-132,50,1911,5,6.9
-132,50,1911,6,9.58
-132,52,1911,3,5.6
-132,52,1911,4,5.99
-132,52,1911,5,6.71
-132,52,1911,6,9.55
-132,54,1911,3,5.12
-132,54,1911,4,5.67
-132,54,1911,5,6.43
-132,54,1911,6,9.45
-132,56,1911,3,4.67
-132,56,1911,4,5.33
-132,56,1911,5,6.07
-132,56,1911,6,9.21
-130,48,1911,3,6.68
-130,48,1911,4,6.94
-130,48,1911,5,7.73
-130,48,1911,6,10.09
-130,50,1911,3,6.28
-130,50,1911,4,6.67
-130,50,1911,5,7.44
-130,50,1911,6,9.95
-130,52,1911,3,5.86
-130,52,1911,4,6.39
-130,52,1911,5,7.19
-130,52,1911,6,9.9
-130,54,1911,3,5.33
-130,54,1911,4,5.98
-130,54,1911,5,6.79
-130,54,1911,6,9.73
-128,48,1911,3,6.97
-128,48,1911,4,7.46
-128,48,1911,5,8.37
-128,48,1911,6,10.51
-128,50,1911,3,6.59
-128,50,1911,4,7.2
-128,50,1911,5,8.09
-128,50,1911,6,10.35
-128,52,1911,3,6.15
-128,52,1911,4,6.81
-128,52,1911,5,7.67
-128,52,1911,6,10.16
-126,48,1911,3,7.19
-126,48,1911,4,7.95
-126,48,1911,5,9.03
-126,48,1911,6,10.94
-126,50,1911,3,6.78
-126,50,1911,4,7.68
-126,50,1911,5,8.77
-126,50,1911,6,10.76
-136,48,1912,3,7.66
-136,48,1912,4,7.98
-136,48,1912,5,8.68
-136,48,1912,6,10.23
-136,50,1912,3,6.84
-136,50,1912,4,7.36
-136,50,1912,5,8.25
-136,50,1912,6,10.21
-136,52,1912,3,6.07
-136,52,1912,4,6.86
-136,52,1912,5,8
-136,52,1912,6,10.43
-136,54,1912,3,5.26
-136,54,1912,4,6.36
-136,54,1912,5,7.78
-136,54,1912,6,10.69
-136,56,1912,3,4.5
-136,56,1912,4,5.88
-136,56,1912,5,7.58
-136,56,1912,6,10.92
-136,58,1912,3,3.99
-136,58,1912,4,5.6
-136,58,1912,5,7.49
-136,58,1912,6,11.11
-134,48,1912,3,7.71
-134,48,1912,4,8.12
-134,48,1912,5,9.06
-134,48,1912,6,10.72
-134,50,1912,3,7
-134,50,1912,4,7.58
-134,50,1912,5,8.72
-134,50,1912,6,10.76
-134,52,1912,3,6.33
-134,52,1912,4,7.17
-134,52,1912,5,8.54
-134,52,1912,6,10.99
-134,54,1912,3,5.55
-134,54,1912,4,6.68
-134,54,1912,5,8.29
-134,54,1912,6,11.16
-134,56,1912,3,4.74
-134,56,1912,4,6.16
-134,56,1912,5,7.97
-134,56,1912,6,11.2
-134,58,1912,3,4.14
-134,58,1912,4,5.75
-134,58,1912,5,7.7
-134,58,1912,6,11.2
-132,48,1912,3,7.79
-132,48,1912,4,8.27
-132,48,1912,5,9.46
-132,48,1912,6,11.24
-132,50,1912,3,7.18
-132,50,1912,4,7.83
-132,50,1912,5,9.21
-132,50,1912,6,11.32
-132,52,1912,3,6.53
-132,52,1912,4,7.43
-132,52,1912,5,9.06
-132,52,1912,6,11.54
-132,54,1912,3,5.74
-132,54,1912,4,6.94
-132,54,1912,5,8.78
-132,54,1912,6,11.64
-132,56,1912,3,5
-132,56,1912,4,6.42
-132,56,1912,5,8.37
-132,56,1912,6,11.53
-130,48,1912,3,7.93
-130,48,1912,4,8.49
-130,48,1912,5,9.93
-130,48,1912,6,11.8
-130,50,1912,3,7.41
-130,50,1912,4,8.13
-130,50,1912,5,9.75
-130,50,1912,6,11.87
-130,52,1912,3,6.77
-130,52,1912,4,7.73
-130,52,1912,5,9.57
-130,52,1912,6,12.02
-130,54,1912,3,6.01
-130,54,1912,4,7.22
-130,54,1912,5,9.22
-130,54,1912,6,12.01
-128,48,1912,3,8.15
-128,48,1912,4,8.83
-128,48,1912,5,10.51
-128,48,1912,6,12.42
-128,50,1912,3,7.68
-128,50,1912,4,8.51
-128,50,1912,5,10.34
-128,50,1912,6,12.41
-128,52,1912,3,7.08
-128,52,1912,4,8.07
-128,52,1912,5,10.03
-128,52,1912,6,12.36
-126,48,1912,3,8.32
-126,48,1912,4,9.17
-126,48,1912,5,11.1
-126,48,1912,6,13.01
-126,50,1912,3,7.84
-126,50,1912,4,8.85
-126,50,1912,5,10.92
-126,50,1912,6,12.94
-136,48,1913,3,6.92
-136,48,1913,4,6.82
-136,48,1913,5,8.24
-136,48,1913,6,10.12
-136,50,1913,3,6.37
-136,50,1913,4,6.36
-136,50,1913,5,7.87
-136,50,1913,6,9.85
-136,52,1913,3,6.07
-136,52,1913,4,6.14
-136,52,1913,5,7.72
-136,52,1913,6,9.78
-136,54,1913,3,5.86
-136,54,1913,4,5.98
-136,54,1913,5,7.6
-136,54,1913,6,9.69
-136,56,1913,3,5.66
-136,56,1913,4,5.82
-136,56,1913,5,7.5
-136,56,1913,6,9.61
-136,58,1913,3,5.54
-136,58,1913,4,5.74
-136,58,1913,5,7.42
-136,58,1913,6,9.51
-134,48,1913,3,7.02
-134,48,1913,4,7.03
-134,48,1913,5,8.53
-134,48,1913,6,10.67
-134,50,1913,3,6.51
-134,50,1913,4,6.62
-134,50,1913,5,8.19
-134,50,1913,6,10.4
-134,52,1913,3,6.26
-134,52,1913,4,6.45
-134,52,1913,5,8.04
-134,52,1913,6,10.25
-134,54,1913,3,6.02
-134,54,1913,4,6.25
-134,54,1913,5,7.85
-134,54,1913,6,10
-134,56,1913,3,5.71
-134,56,1913,4,5.99
-134,56,1913,5,7.59
-134,56,1913,6,9.67
-134,58,1913,3,5.51
-134,58,1913,4,5.77
-134,58,1913,5,7.35
-134,58,1913,6,9.36
-132,48,1913,3,7.11
-132,48,1913,4,7.27
-132,48,1913,5,8.88
-132,48,1913,6,11.3
-132,50,1913,3,6.67
-132,50,1913,4,6.93
-132,50,1913,5,8.58
-132,50,1913,6,11.02
-132,52,1913,3,6.38
-132,52,1913,4,6.73
-132,52,1913,5,8.41
-132,52,1913,6,10.81
-132,54,1913,3,6.07
-132,54,1913,4,6.46
-132,54,1913,5,8.13
-132,54,1913,6,10.43
-132,56,1913,3,5.79
-132,56,1913,4,6.15
-132,56,1913,5,7.76
-132,56,1913,6,9.92
-130,48,1913,3,7.23
-130,48,1913,4,7.57
-130,48,1913,5,9.32
-130,48,1913,6,11.98
-130,50,1913,3,6.86
-130,50,1913,4,7.29
-130,50,1913,5,9.06
-130,50,1913,6,11.69
-130,52,1913,3,6.54
-130,52,1913,4,7.04
-130,52,1913,5,8.83
-130,52,1913,6,11.38
-130,54,1913,3,6.19
-130,54,1913,4,6.69
-130,54,1913,5,8.43
-130,54,1913,6,10.87
-128,48,1913,3,7.41
-128,48,1913,4,7.97
-128,48,1913,5,9.88
-128,48,1913,6,12.73
-128,50,1913,3,7.07
-128,50,1913,4,7.7
-128,50,1913,5,9.62
-128,50,1913,6,12.36
-128,52,1913,3,6.76
-128,52,1913,4,7.38
-128,52,1913,5,9.24
-128,52,1913,6,11.87
-126,48,1913,3,7.51
-126,48,1913,4,8.3
-126,48,1913,5,10.42
-126,48,1913,6,13.37
-126,50,1913,3,7.15
-126,50,1913,4,8.04
-126,50,1913,5,10.17
-126,50,1913,6,13.02
-136,48,1914,3,6.92
-136,48,1914,4,7.36
-136,48,1914,5,8.65
-136,48,1914,6,10.24
-136,50,1914,3,6.65
-136,50,1914,4,6.94
-136,50,1914,5,8.42
-136,50,1914,6,9.97
-136,52,1914,3,6.54
-136,52,1914,4,6.61
-136,52,1914,5,8.28
-136,52,1914,6,9.87
-136,54,1914,3,6.41
-136,54,1914,4,6.21
-136,54,1914,5,8.07
-136,54,1914,6,9.79
-136,56,1914,3,6.18
-136,56,1914,4,5.79
-136,56,1914,5,7.85
-136,56,1914,6,9.72
-136,58,1914,3,5.98
-136,58,1914,4,5.49
-136,58,1914,5,7.73
-136,58,1914,6,9.72
-134,48,1914,3,7.3
-134,48,1914,4,7.76
-134,48,1914,5,9.05
-134,48,1914,6,10.55
-134,50,1914,3,7.06
-134,50,1914,4,7.42
-134,50,1914,5,8.9
-134,50,1914,6,10.41
-134,52,1914,3,6.97
-134,52,1914,4,7.15
-134,52,1914,5,8.83
-134,52,1914,6,10.39
-134,54,1914,3,6.8
-134,54,1914,4,6.74
-134,54,1914,5,8.62
-134,54,1914,6,10.29
-134,56,1914,3,6.45
-134,56,1914,4,6.19
-134,56,1914,5,8.26
-134,56,1914,6,10.06
-134,58,1914,3,6.18
-134,58,1914,4,5.79
-134,58,1914,5,8
-134,58,1914,6,9.91
-132,48,1914,3,7.72
-132,48,1914,4,8.23
-132,48,1914,5,9.52
-132,48,1914,6,10.89
-132,50,1914,3,7.49
-132,50,1914,4,7.93
-132,50,1914,5,9.43
-132,50,1914,6,10.86
-132,52,1914,3,7.32
-132,52,1914,4,7.64
-132,52,1914,5,9.38
-132,52,1914,6,10.9
-132,54,1914,3,7
-132,54,1914,4,7.15
-132,54,1914,5,9.12
-132,54,1914,6,10.78
-132,56,1914,3,6.65
-132,56,1914,4,6.58
-132,56,1914,5,8.67
-132,56,1914,6,10.46
-130,48,1914,3,8.17
-130,48,1914,4,8.79
-130,48,1914,5,10.09
-130,48,1914,6,11.29
-130,50,1914,3,7.93
-130,50,1914,4,8.5
-130,50,1914,5,10.02
-130,50,1914,6,11.3
-130,52,1914,3,7.65
-130,52,1914,4,8.13
-130,52,1914,5,9.93
-130,52,1914,6,11.34
-130,54,1914,3,7.25
-130,54,1914,4,7.57
-130,54,1914,5,9.58
-130,54,1914,6,11.2
-128,48,1914,3,8.65
-128,48,1914,4,9.42
-128,48,1914,5,10.78
-128,48,1914,6,11.78
-128,50,1914,3,8.35
-128,50,1914,4,9.09
-128,50,1914,5,10.66
-128,50,1914,6,11.74
-128,52,1914,3,8
-128,52,1914,4,8.62
-128,52,1914,5,10.4
-128,52,1914,6,11.65
-126,48,1914,3,8.97
-126,48,1914,4,9.95
-126,48,1914,5,11.39
-126,48,1914,6,12.21
-126,50,1914,3,8.62
-126,50,1914,4,9.6
-126,50,1914,5,11.25
-126,50,1914,6,12.14
-136,48,1915,3,6.91
-136,48,1915,4,7.06
-136,48,1915,5,8.09
-136,48,1915,6,10.14
-136,50,1915,3,6.69
-136,50,1915,4,7.01
-136,50,1915,5,8.21
-136,50,1915,6,10.27
-136,52,1915,3,6.65
-136,52,1915,4,7.22
-136,52,1915,5,8.58
-136,52,1915,6,10.65
-136,54,1915,3,6.57
-136,54,1915,4,7.42
-136,54,1915,5,8.96
-136,54,1915,6,11.02
-136,56,1915,3,6.42
-136,56,1915,4,7.53
-136,56,1915,5,9.3
-136,56,1915,6,11.36
-136,58,1915,3,6.27
-136,58,1915,4,7.61
-136,58,1915,5,9.59
-136,58,1915,6,11.63
-134,48,1915,3,7.38
-134,48,1915,4,7.68
-134,48,1915,5,8.61
-134,48,1915,6,10.64
-134,50,1915,3,7.09
-134,50,1915,4,7.58
-134,50,1915,5,8.72
-134,50,1915,6,10.75
-134,52,1915,3,7
-134,52,1915,4,7.76
-134,52,1915,5,9.11
-134,52,1915,6,11.09
-134,54,1915,3,6.82
-134,54,1915,4,7.88
-134,54,1915,5,9.44
-134,54,1915,6,11.35
-134,56,1915,3,6.55
-134,56,1915,4,7.87
-134,56,1915,5,9.64
-134,56,1915,6,11.5
-134,58,1915,3,6.35
-134,58,1915,4,7.84
-134,58,1915,5,9.8
-134,58,1915,6,11.64
-132,48,1915,3,7.83
-132,48,1915,4,8.26
-132,48,1915,5,9.13
-132,48,1915,6,11.13
-132,50,1915,3,7.51
-132,50,1915,4,8.17
-132,50,1915,5,9.26
-132,50,1915,6,11.26
-132,52,1915,3,7.29
-132,52,1915,4,8.24
-132,52,1915,5,9.62
-132,52,1915,6,11.55
-132,54,1915,3,6.95
-132,54,1915,4,8.2
-132,54,1915,5,9.85
-132,54,1915,6,11.7
-132,56,1915,3,6.66
-132,56,1915,4,8.1
-132,56,1915,5,9.92
-132,56,1915,6,11.71
-130,48,1915,3,8.31
-130,48,1915,4,8.88
-130,48,1915,5,9.7
-130,48,1915,6,11.67
-130,50,1915,3,7.95
-130,50,1915,4,8.75
-130,50,1915,5,9.81
-130,50,1915,6,11.76
-130,52,1915,3,7.58
-130,52,1915,4,8.67
-130,52,1915,5,10.06
-130,52,1915,6,11.94
-130,54,1915,3,7.15
-130,54,1915,4,8.49
-130,54,1915,5,10.17
-130,54,1915,6,11.98
-128,48,1915,3,8.82
-128,48,1915,4,9.55
-128,48,1915,5,10.35
-128,48,1915,6,12.26
-128,50,1915,3,8.4
-128,50,1915,4,9.34
-128,50,1915,5,10.38
-128,50,1915,6,12.24
-128,52,1915,3,7.97
-128,52,1915,4,9.12
-128,52,1915,5,10.45
-128,52,1915,6,12.24
-126,48,1915,3,9.23
-126,48,1915,4,10.15
-126,48,1915,5,10.98
-126,48,1915,6,12.82
-126,50,1915,3,8.8
-126,50,1915,4,9.93
-126,50,1915,5,11
-126,50,1915,6,12.78
-136,48,1916,3,5.97
-136,48,1916,4,5.94
-136,48,1916,5,6.42
-136,48,1916,6,8.85
-136,50,1916,3,5.21
-136,50,1916,4,5.58
-136,50,1916,5,6.26
-136,50,1916,6,8.66
-136,52,1916,3,4.76
-136,52,1916,4,5.62
-136,52,1916,5,6.49
-136,52,1916,6,8.73
-136,54,1916,3,4.44
-136,54,1916,4,5.8
-136,54,1916,5,6.85
-136,54,1916,6,8.84
-136,56,1916,3,4.14
-136,56,1916,4,5.96
-136,56,1916,5,7.18
-136,56,1916,6,8.94
-136,58,1916,3,3.93
-136,58,1916,4,6.05
-136,58,1916,5,7.37
-136,58,1916,6,9
-134,48,1916,3,6.24
-134,48,1916,4,6.44
-134,48,1916,5,6.94
-134,48,1916,6,9.23
-134,50,1916,3,5.61
-134,50,1916,4,6.22
-134,50,1916,5,6.9
-134,50,1916,6,9.16
-134,52,1916,3,5.24
-134,52,1916,4,6.32
-134,52,1916,5,7.16
-134,52,1916,6,9.25
-134,54,1916,3,4.88
-134,54,1916,4,6.43
-134,54,1916,5,7.41
-134,54,1916,6,9.25
-134,56,1916,3,4.43
-134,56,1916,4,6.38
-134,56,1916,5,7.5
-134,56,1916,6,9.11
-134,58,1916,3,4.13
-134,58,1916,4,6.34
-134,58,1916,5,7.52
-134,58,1916,6,9
-132,48,1916,3,6.6
-132,48,1916,4,7.09
-132,48,1916,5,7.64
-132,48,1916,6,9.77
-132,50,1916,3,6.06
-132,50,1916,4,6.93
-132,50,1916,5,7.65
-132,50,1916,6,9.75
-132,52,1916,3,5.66
-132,52,1916,4,6.97
-132,52,1916,5,7.85
-132,52,1916,6,9.82
-132,54,1916,3,5.18
-132,54,1916,4,6.91
-132,54,1916,5,7.93
-132,54,1916,6,9.71
-132,56,1916,3,4.72
-132,56,1916,4,6.74
-132,56,1916,5,7.82
-132,56,1916,6,9.4
-130,48,1916,3,6.99
-130,48,1916,4,7.78
-130,48,1916,5,8.43
-130,48,1916,6,10.38
-130,50,1916,3,6.54
-130,50,1916,4,7.67
-130,50,1916,5,8.46
-130,50,1916,6,10.37
-130,52,1916,3,6.08
-130,52,1916,4,7.58
-130,52,1916,5,8.52
-130,52,1916,6,10.36
-130,54,1916,3,5.55
-130,54,1916,4,7.36
-130,54,1916,5,8.39
-130,54,1916,6,10.13
-128,48,1916,3,7.43
-128,48,1916,4,8.53
-128,48,1916,5,9.31
-128,48,1916,6,11.07
-128,50,1916,3,7
-128,50,1916,4,8.39
-128,50,1916,5,9.29
-128,50,1916,6,10.97
-128,52,1916,3,6.55
-128,52,1916,4,8.17
-128,52,1916,5,9.12
-128,52,1916,6,10.78
-126,48,1916,3,7.73
-126,48,1916,4,9.16
-126,48,1916,5,10.1
-126,48,1916,6,11.65
-126,50,1916,3,7.33
-126,50,1916,4,9.01
-126,50,1916,5,10.06
-126,50,1916,6,11.53
-136,48,1917,3,6.9
-136,48,1917,4,6.69
-136,48,1917,5,8.45
-136,48,1917,6,10.8
-136,50,1917,3,6.11
-136,50,1917,4,5.97
-136,50,1917,5,7.95
-136,50,1917,6,10.01
-136,52,1917,3,5.56
-136,52,1917,4,5.55
-136,52,1917,5,7.73
-136,52,1917,6,9.49
-136,54,1917,3,5.1
-136,54,1917,4,5.26
-136,54,1917,5,7.58
-136,54,1917,6,9.11
-136,56,1917,3,4.73
-136,56,1917,4,5.07
-136,56,1917,5,7.52
-136,56,1917,6,8.89
-136,58,1917,3,4.56
-136,58,1917,4,5.01
-136,58,1917,5,7.58
-136,58,1917,6,8.91
-134,48,1917,3,6.89
-134,48,1917,4,6.8
-134,48,1917,5,8.55
-134,48,1917,6,10.9
-134,50,1917,3,6.22
-134,50,1917,4,6.18
-134,50,1917,5,8.18
-134,50,1917,6,10.23
-134,52,1917,3,5.78
-134,52,1917,4,5.85
-134,52,1917,5,8.07
-134,52,1917,6,9.78
-134,54,1917,3,5.34
-134,54,1917,4,5.56
-134,54,1917,5,7.94
-134,54,1917,6,9.37
-134,56,1917,3,4.93
-134,56,1917,4,5.29
-134,56,1917,5,7.8
-134,56,1917,6,9.05
-134,58,1917,3,4.64
-134,58,1917,4,5.11
-134,58,1917,5,7.71
-134,58,1917,6,8.88
-132,48,1917,3,6.92
-132,48,1917,4,6.97
-132,48,1917,5,8.74
-132,48,1917,6,11.01
-132,50,1917,3,6.37
-132,50,1917,4,6.46
-132,50,1917,5,8.5
-132,50,1917,6,10.47
-132,52,1917,3,5.95
-132,52,1917,4,6.16
-132,52,1917,5,8.45
-132,52,1917,6,10.13
-132,54,1917,3,5.48
-132,54,1917,4,5.82
-132,54,1917,5,8.3
-132,54,1917,6,9.76
-132,56,1917,3,5.11
-132,56,1917,4,5.52
-132,56,1917,5,8.1
-132,56,1917,6,9.38
-130,48,1917,3,7
-130,48,1917,4,7.23
-130,48,1917,5,9.04
-130,48,1917,6,11.16
-130,50,1917,3,6.56
-130,50,1917,4,6.83
-130,50,1917,5,8.89
-130,50,1917,6,10.74
-130,52,1917,3,6.15
-130,52,1917,4,6.51
-130,52,1917,5,8.84
-130,52,1917,6,10.48
-130,54,1917,3,5.72
-130,54,1917,4,6.15
-130,54,1917,5,8.67
-130,54,1917,6,10.19
-128,48,1917,3,7.14
-128,48,1917,4,7.61
-128,48,1917,5,9.49
-128,48,1917,6,11.41
-128,50,1917,3,6.78
-128,50,1917,4,7.27
-128,50,1917,5,9.36
-128,50,1917,6,11.06
-128,52,1917,3,6.45
-128,52,1917,4,6.94
-128,52,1917,5,9.22
-128,52,1917,6,10.81
-126,48,1917,3,7.29
-126,48,1917,4,8.02
-126,48,1917,5,10.01
-126,48,1917,6,11.73
-126,50,1917,3,6.94
-126,50,1917,4,7.73
-126,50,1917,5,9.88
-126,50,1917,6,11.45
-136,48,1918,3,7.16
-136,48,1918,4,7.37
-136,48,1918,5,8.4
-136,48,1918,6,10.34
-136,50,1918,3,6.15
-136,50,1918,4,6.38
-136,50,1918,5,7.49
-136,50,1918,6,9.7
-136,52,1918,3,5.43
-136,52,1918,4,5.73
-136,52,1918,5,6.92
-136,52,1918,6,9.41
-136,54,1918,3,4.86
-136,54,1918,4,5.26
-136,54,1918,5,6.52
-136,54,1918,6,9.27
-136,56,1918,3,4.27
-136,56,1918,4,4.81
-136,56,1918,5,6.16
-136,56,1918,6,9.11
-136,58,1918,3,3.92
-136,58,1918,4,4.57
-136,58,1918,5,6.02
-136,58,1918,6,9.09
-134,48,1918,3,7.34
-134,48,1918,4,7.64
-134,48,1918,5,8.59
-134,48,1918,6,10.54
-134,50,1918,3,6.4
-134,50,1918,4,6.74
-134,50,1918,5,7.79
-134,50,1918,6,10.01
-134,52,1918,3,5.74
-134,52,1918,4,6.18
-134,52,1918,5,7.31
-134,52,1918,6,9.78
-134,54,1918,3,5.14
-134,54,1918,4,5.69
-134,54,1918,5,6.88
-134,54,1918,6,9.58
-134,56,1918,3,4.45
-134,56,1918,4,5.13
-134,56,1918,5,6.41
-134,56,1918,6,9.28
-134,58,1918,3,4.02
-134,58,1918,4,4.79
-134,58,1918,5,6.14
-134,58,1918,6,9.12
-132,48,1918,3,7.5
-132,48,1918,4,7.87
-132,48,1918,5,8.79
-132,48,1918,6,10.72
-132,50,1918,3,6.69
-132,50,1918,4,7.13
-132,50,1918,5,8.14
-132,50,1918,6,10.33
-132,52,1918,3,6.01
-132,52,1918,4,6.58
-132,52,1918,5,7.72
-132,52,1918,6,10.15
-132,54,1918,3,5.32
-132,54,1918,4,6.03
-132,54,1918,5,7.26
-132,54,1918,6,9.93
-132,56,1918,3,4.72
-132,56,1918,4,5.5
-132,56,1918,5,6.78
-132,56,1918,6,9.59
-130,48,1918,3,7.67
-130,48,1918,4,8.14
-130,48,1918,5,9.05
-130,48,1918,6,10.93
-130,50,1918,3,6.99
-130,50,1918,4,7.52
-130,50,1918,5,8.54
-130,50,1918,6,10.63
-130,52,1918,3,6.31
-130,52,1918,4,6.99
-130,52,1918,5,8.17
-130,52,1918,6,10.48
-130,54,1918,3,5.65
-130,54,1918,4,6.44
-130,54,1918,5,7.7
-130,54,1918,6,10.27
-128,48,1918,3,7.9
-128,48,1918,4,8.48
-128,48,1918,5,9.43
-128,48,1918,6,11.21
-128,50,1918,3,7.3
-128,50,1918,4,7.96
-128,50,1918,5,9.03
-128,50,1918,6,10.94
-128,52,1918,3,6.73
-128,52,1918,4,7.46
-128,52,1918,5,8.63
-128,52,1918,6,10.75
-126,48,1918,3,8.11
-126,48,1918,4,8.86
-126,48,1918,5,9.9
-126,48,1918,6,11.57
-126,50,1918,3,7.6
-126,50,1918,4,8.45
-126,50,1918,5,9.62
-126,50,1918,6,11.35
-136,48,1919,3,6.55
-136,48,1919,4,7.27
-136,48,1919,5,8.1
-136,48,1919,6,9.38
-136,50,1919,3,5.96
-136,50,1919,4,6.72
-136,50,1919,5,7.71
-136,50,1919,6,9.18
-136,52,1919,3,5.58
-136,52,1919,4,6.39
-136,52,1919,5,7.49
-136,52,1919,6,9.19
-136,54,1919,3,5.23
-136,54,1919,4,6.08
-136,54,1919,5,7.22
-136,54,1919,6,9.19
-136,56,1919,3,4.86
-136,56,1919,4,5.79
-136,56,1919,5,6.98
-136,56,1919,6,9.22
-136,58,1919,3,4.6
-136,58,1919,4,5.58
-136,58,1919,5,6.8
-136,58,1919,6,9.23
-134,48,1919,3,6.89
-134,48,1919,4,7.69
-134,48,1919,5,8.5
-134,48,1919,6,9.7
-134,50,1919,3,6.31
-134,50,1919,4,7.16
-134,50,1919,5,8.14
-134,50,1919,6,9.51
-134,52,1919,3,5.98
-134,52,1919,4,6.87
-134,52,1919,5,7.96
-134,52,1919,6,9.52
-134,54,1919,3,5.59
-134,54,1919,4,6.53
-134,54,1919,5,7.67
-134,54,1919,6,9.45
-134,56,1919,3,5.1
-134,56,1919,4,6.1
-134,56,1919,5,7.26
-134,56,1919,6,9.26
-134,58,1919,3,4.79
-134,58,1919,4,5.8
-134,58,1919,5,6.97
-134,58,1919,6,9.17
-132,48,1919,3,7.2
-132,48,1919,4,8.14
-132,48,1919,5,8.94
-132,48,1919,6,10.06
-132,50,1919,3,6.65
-132,50,1919,4,7.65
-132,50,1919,5,8.63
-132,50,1919,6,9.88
-132,52,1919,3,6.26
-132,52,1919,4,7.32
-132,52,1919,5,8.45
-132,52,1919,6,9.88
-132,54,1919,3,5.79
-132,54,1919,4,6.88
-132,54,1919,5,8.09
-132,54,1919,6,9.75
-132,56,1919,3,5.35
-132,56,1919,4,6.42
-132,56,1919,5,7.61
-132,56,1919,6,9.48
-130,48,1919,3,7.51
-130,48,1919,4,8.62
-130,48,1919,5,9.46
-130,48,1919,6,10.47
-130,50,1919,3,6.99
-130,50,1919,4,8.17
-130,50,1919,5,9.17
-130,50,1919,6,10.27
-130,52,1919,3,6.53
-130,52,1919,4,7.76
-130,52,1919,5,8.92
-130,52,1919,6,10.21
-130,54,1919,3,6.07
-130,54,1919,4,7.27
-130,54,1919,5,8.5
-130,54,1919,6,10.05
-128,48,1919,3,7.8
-128,48,1919,4,9.14
-128,48,1919,5,10.04
-128,48,1919,6,10.91
-128,50,1919,3,7.33
-128,50,1919,4,8.75
-128,50,1919,5,9.79
-128,50,1919,6,10.7
-128,52,1919,3,6.89
-128,52,1919,4,8.27
-128,52,1919,5,9.4
-128,52,1919,6,10.5
-126,48,1919,3,7.99
-126,48,1919,4,9.6
-126,48,1919,5,10.61
-126,48,1919,6,11.34
-126,50,1919,3,7.61
-126,50,1919,4,9.33
-126,50,1919,5,10.44
-126,50,1919,6,11.18
-136,48,1920,3,7.28
-136,48,1920,4,7.28
-136,48,1920,5,8.26
-136,48,1920,6,10.3
-136,50,1920,3,6.53
-136,50,1920,4,6.56
-136,50,1920,5,7.69
-136,50,1920,6,9.73
-136,52,1920,3,6.07
-136,52,1920,4,6.1
-136,52,1920,5,7.39
-136,52,1920,6,9.4
-136,54,1920,3,5.71
-136,54,1920,4,5.72
-136,54,1920,5,7.15
-136,54,1920,6,9.12
-136,56,1920,3,5.37
-136,56,1920,4,5.37
-136,56,1920,5,6.99
-136,56,1920,6,8.94
-136,58,1920,3,5.18
-136,58,1920,4,5.2
-136,58,1920,5,6.95
-136,58,1920,6,8.88
-134,48,1920,3,7.35
-134,48,1920,4,7.3
-134,48,1920,5,8.34
-134,48,1920,6,10.43
-134,50,1920,3,6.75
-134,50,1920,4,6.73
-134,50,1920,5,7.86
-134,50,1920,6,9.93
-134,52,1920,3,6.35
-134,52,1920,4,6.34
-134,52,1920,5,7.58
-134,52,1920,6,9.55
-134,54,1920,3,6
-134,54,1920,4,5.97
-134,54,1920,5,7.32
-134,54,1920,6,9.17
-134,56,1920,3,5.59
-134,56,1920,4,5.56
-134,56,1920,5,7.04
-134,56,1920,6,8.8
-134,58,1920,3,5.38
-134,58,1920,4,5.36
-134,58,1920,5,6.93
-134,58,1920,6,8.63
-132,48,1920,3,7.46
-132,48,1920,4,7.4
-132,48,1920,5,8.54
-132,48,1920,6,10.7
-132,50,1920,3,6.94
-132,50,1920,4,6.91
-132,50,1920,5,8.11
-132,50,1920,6,10.22
-132,52,1920,3,6.55
-132,52,1920,4,6.55
-132,52,1920,5,7.86
-132,52,1920,6,9.84
-132,54,1920,3,6.15
-132,54,1920,4,6.16
-132,54,1920,5,7.55
-132,54,1920,6,9.4
-132,56,1920,3,5.82
-132,56,1920,4,5.81
-132,56,1920,5,7.24
-132,56,1920,6,8.97
-130,48,1920,3,7.56
-130,48,1920,4,7.54
-130,48,1920,5,8.84
-130,48,1920,6,11.04
-130,50,1920,3,7.12
-130,50,1920,4,7.13
-130,50,1920,5,8.45
-130,50,1920,6,10.57
-130,52,1920,3,6.74
-130,52,1920,4,6.8
-130,52,1920,5,8.2
-130,52,1920,6,10.22
-130,54,1920,3,6.38
-130,54,1920,4,6.42
-130,54,1920,5,7.86
-130,54,1920,6,9.76
-128,48,1920,3,7.71
-128,48,1920,4,7.8
-128,48,1920,5,9.29
-128,48,1920,6,11.48
-128,50,1920,3,7.31
-128,50,1920,4,7.43
-128,50,1920,5,8.91
-128,50,1920,6,11.01
-128,52,1920,3,7.03
-128,52,1920,4,7.14
-128,52,1920,5,8.61
-128,52,1920,6,10.62
-126,48,1920,3,7.85
-126,48,1920,4,8.1
-126,48,1920,5,9.8
-126,48,1920,6,11.95
-126,50,1920,3,7.5
-126,50,1920,4,7.81
-126,50,1920,5,9.52
-126,50,1920,6,11.61
-136,48,1921,3,6.97
-136,48,1921,4,6.92
-136,48,1921,5,8.3
-136,48,1921,6,10.05
-136,50,1921,3,6.73
-136,50,1921,4,6.54
-136,50,1921,5,7.95
-136,50,1921,6,9.7
-136,52,1921,3,6.84
-136,52,1921,4,6.55
-136,52,1921,5,7.96
-136,52,1921,6,9.66
-136,54,1921,3,6.98
-136,54,1921,4,6.62
-136,54,1921,5,8.04
-136,54,1921,6,9.61
-136,56,1921,3,6.98
-136,56,1921,4,6.6
-136,56,1921,5,8.05
-136,56,1921,6,9.5
-136,58,1921,3,6.95
-136,58,1921,4,6.59
-136,58,1921,5,8.1
-136,58,1921,6,9.45
-134,48,1921,3,7.25
-134,48,1921,4,7.26
-134,48,1921,5,8.6
-134,48,1921,6,10.5
-134,50,1921,3,7.06
-134,50,1921,4,6.98
-134,50,1921,5,8.36
-134,50,1921,6,10.22
-134,52,1921,3,7.19
-134,52,1921,4,7.05
-134,52,1921,5,8.44
-134,52,1921,6,10.17
-134,54,1921,3,7.23
-134,54,1921,4,7.07
-134,54,1921,5,8.46
-134,54,1921,6,10
-134,56,1921,3,7.1
-134,56,1921,4,6.92
-134,56,1921,5,8.35
-134,56,1921,6,9.7
-134,58,1921,3,7
-134,58,1921,4,6.81
-134,58,1921,5,8.27
-134,58,1921,6,9.49
-132,48,1921,3,7.52
-132,48,1921,4,7.57
-132,48,1921,5,8.92
-132,48,1921,6,11
-132,50,1921,3,7.38
-132,50,1921,4,7.4
-132,50,1921,5,8.79
-132,50,1921,6,10.81
-132,52,1921,3,7.39
-132,52,1921,4,7.43
-132,52,1921,5,8.87
-132,52,1921,6,10.72
-132,54,1921,3,7.3
-132,54,1921,4,7.35
-132,54,1921,5,8.83
-132,54,1921,6,10.46
-132,56,1921,3,7.19
-132,56,1921,4,7.19
-132,56,1921,5,8.66
-132,56,1921,6,10.06
-130,48,1921,3,7.81
-130,48,1921,4,7.93
-130,48,1921,5,9.34
-130,48,1921,6,11.61
-130,50,1921,3,7.67
-130,50,1921,4,7.81
-130,50,1921,5,9.25
-130,50,1921,6,11.4
-130,52,1921,3,7.55
-130,52,1921,4,7.75
-130,52,1921,5,9.25
-130,52,1921,6,11.23
-130,54,1921,3,7.41
-130,54,1921,4,7.62
-130,54,1921,5,9.17
-130,54,1921,6,10.93
-128,48,1921,3,8.14
-128,48,1921,4,8.37
-128,48,1921,5,9.88
-128,48,1921,6,12.31
-128,50,1921,3,7.94
-128,50,1921,4,8.23
-128,50,1921,5,9.75
-128,50,1921,6,12.01
-128,52,1921,3,7.77
-128,52,1921,4,8.07
-128,52,1921,5,9.6
-128,52,1921,6,11.68
-126,48,1921,3,8.4
-126,48,1921,4,8.8
-126,48,1921,5,10.44
-126,48,1921,6,12.97
-126,50,1921,3,8.15
-126,50,1921,4,8.64
-126,50,1921,5,10.31
-126,50,1921,6,12.71
-136,48,1922,3,6.57
-136,48,1922,4,7.02
-136,48,1922,5,7.35
-136,48,1922,6,9.46
-136,50,1922,3,5.87
-136,50,1922,4,6.34
-136,50,1922,5,6.72
-136,50,1922,6,9.25
-136,52,1922,3,5.44
-136,52,1922,4,5.91
-136,52,1922,5,6.5
-136,52,1922,6,9.33
-136,54,1922,3,5.1
-136,54,1922,4,5.55
-136,54,1922,5,6.45
-136,54,1922,6,9.49
-136,56,1922,3,4.74
-136,56,1922,4,5.19
-136,56,1922,5,6.44
-136,56,1922,6,9.63
-136,58,1922,3,4.5
-136,58,1922,4,4.99
-136,58,1922,5,6.54
-136,58,1922,6,9.78
-134,48,1922,3,6.7
-134,48,1922,4,7.06
-134,48,1922,5,7.65
-134,48,1922,6,9.83
-134,50,1922,3,6.05
-134,50,1922,4,6.44
-134,50,1922,5,7.1
-134,50,1922,6,9.63
-134,52,1922,3,5.7
-134,52,1922,4,6.11
-134,52,1922,5,6.98
-134,52,1922,6,9.72
-134,54,1922,3,5.37
-134,54,1922,4,5.78
-134,54,1922,5,6.92
-134,54,1922,6,9.79
-134,56,1922,3,4.91
-134,56,1922,4,5.35
-134,56,1922,5,6.77
-134,56,1922,6,9.73
-134,58,1922,3,4.61
-134,58,1922,4,5.08
-134,58,1922,5,6.71
-134,58,1922,6,9.71
-132,48,1922,3,6.89
-132,48,1922,4,7.21
-132,48,1922,5,8.04
-132,48,1922,6,10.34
-132,50,1922,3,6.3
-132,50,1922,4,6.66
-132,50,1922,5,7.59
-132,50,1922,6,10.15
-132,52,1922,3,5.94
-132,52,1922,4,6.36
-132,52,1922,5,7.52
-132,52,1922,6,10.23
-132,54,1922,3,5.52
-132,54,1922,4,5.99
-132,54,1922,5,7.4
-132,54,1922,6,10.2
-132,56,1922,3,5.12
-132,56,1922,4,5.58
-132,56,1922,5,7.17
-132,56,1922,6,10.01
-130,48,1922,3,7.11
-130,48,1922,4,7.46
-130,48,1922,5,8.52
-130,48,1922,6,10.95
-130,50,1922,3,6.61
-130,50,1922,4,7.01
-130,50,1922,5,8.17
-130,50,1922,6,10.75
-130,52,1922,3,6.21
-130,52,1922,4,6.69
-130,52,1922,5,8.08
-130,52,1922,6,10.76
-130,54,1922,3,5.79
-130,54,1922,4,6.3
-130,54,1922,5,7.9
-130,54,1922,6,10.63
-128,48,1922,3,7.38
-128,48,1922,4,7.85
-128,48,1922,5,9.12
-128,48,1922,6,11.64
-128,50,1922,3,6.95
-128,50,1922,4,7.47
-128,50,1922,5,8.84
-128,50,1922,6,11.4
-128,52,1922,3,6.57
-128,52,1922,4,7.12
-128,52,1922,5,8.64
-128,52,1922,6,11.24
-126,48,1922,3,7.61
-126,48,1922,4,8.27
-126,48,1922,5,9.73
-126,48,1922,6,12.3
-126,50,1922,3,7.25
-126,50,1922,4,7.99
-126,50,1922,5,9.59
-126,50,1922,6,12.14
-136,48,1923,3,6.9
-136,48,1923,4,7.83
-136,48,1923,5,8.49
-136,48,1923,6,10.57
-136,50,1923,3,6.27
-136,50,1923,4,7.19
-136,50,1923,5,7.94
-136,50,1923,6,10.23
-136,52,1923,3,5.91
-136,52,1923,4,6.77
-136,52,1923,5,7.63
-136,52,1923,6,10.05
-136,54,1923,3,5.65
-136,54,1923,4,6.41
-136,54,1923,5,7.37
-136,54,1923,6,9.87
-136,56,1923,3,5.39
-136,56,1923,4,6.06
-136,56,1923,5,7.15
-136,56,1923,6,9.69
-136,58,1923,3,5.27
-136,58,1923,4,5.86
-136,58,1923,5,7.05
-136,58,1923,6,9.57
-134,48,1923,3,6.93
-134,48,1923,4,8.02
-134,48,1923,5,8.76
-134,48,1923,6,10.85
-134,50,1923,3,6.4
-134,50,1923,4,7.48
-134,50,1923,5,8.27
-134,50,1923,6,10.57
-134,52,1923,3,6.15
-134,52,1923,4,7.17
-134,52,1923,5,8.01
-134,52,1923,6,10.41
-134,54,1923,3,5.92
-134,54,1923,4,6.82
-134,54,1923,5,7.72
-134,54,1923,6,10.15
-134,56,1923,3,5.6
-134,56,1923,4,6.39
-134,56,1923,5,7.37
-134,56,1923,6,9.8
-134,58,1923,3,5.41
-134,58,1923,4,6.1
-134,58,1923,5,7.14
-134,58,1923,6,9.54
-132,48,1923,3,6.96
-132,48,1923,4,8.23
-132,48,1923,5,9.11
-132,48,1923,6,11.22
-132,50,1923,3,6.53
-132,50,1923,4,7.79
-132,50,1923,5,8.7
-132,50,1923,6,11
-132,52,1923,3,6.3
-132,52,1923,4,7.51
-132,52,1923,5,8.44
-132,52,1923,6,10.85
-132,54,1923,3,6.02
-132,54,1923,4,7.13
-132,54,1923,5,8.09
-132,54,1923,6,10.53
-132,56,1923,3,5.78
-132,56,1923,4,6.72
-132,56,1923,5,7.68
-132,56,1923,6,10.09
-130,48,1923,3,7
-130,48,1923,4,8.49
-130,48,1923,5,9.57
-130,48,1923,6,11.68
-130,50,1923,3,6.65
-130,50,1923,4,8.13
-130,50,1923,5,9.21
-130,50,1923,6,11.48
-130,52,1923,3,6.42
-130,52,1923,4,7.84
-130,52,1923,5,8.92
-130,52,1923,6,11.28
-130,54,1923,3,6.18
-130,54,1923,4,7.47
-130,54,1923,5,8.52
-130,54,1923,6,10.93
-128,48,1923,3,7.09
-128,48,1923,4,8.83
-128,48,1923,5,10.16
-128,48,1923,6,12.23
-128,50,1923,3,6.78
-128,50,1923,4,8.51
-128,50,1923,5,9.82
-128,50,1923,6,11.99
-128,52,1923,3,6.6
-128,52,1923,4,8.21
-128,52,1923,5,9.43
-128,52,1923,6,11.67
-126,48,1923,3,7.15
-126,48,1923,4,9.18
-126,48,1923,5,10.75
-126,48,1923,6,12.77
-126,50,1923,3,6.84
-126,50,1923,4,8.9
-126,50,1923,5,10.49
-126,50,1923,6,12.55
-136,48,1924,3,7.77
-136,48,1924,4,7.5
-136,48,1924,5,8.48
-136,48,1924,6,10.73
-136,50,1924,3,7.17
-136,50,1924,4,6.9
-136,50,1924,5,7.93
-136,50,1924,6,10.07
-136,52,1924,3,6.94
-136,52,1924,4,6.72
-136,52,1924,5,7.8
-136,52,1924,6,9.75
-136,54,1924,3,6.86
-136,54,1924,4,6.76
-136,54,1924,5,7.86
-136,54,1924,6,9.57
-136,56,1924,3,6.77
-136,56,1924,4,6.84
-136,56,1924,5,8
-136,56,1924,6,9.52
-136,58,1924,3,6.75
-136,58,1924,4,6.99
-136,58,1924,5,8.23
-136,58,1924,6,9.6
-134,48,1924,3,8.04
-134,48,1924,4,7.8
-134,48,1924,5,8.85
-134,48,1924,6,10.94
-134,50,1924,3,7.55
-134,50,1924,4,7.33
-134,50,1924,5,8.41
-134,50,1924,6,10.39
-134,52,1924,3,7.38
-134,52,1924,4,7.24
-134,52,1924,5,8.34
-134,52,1924,6,10.09
-134,54,1924,3,7.28
-134,54,1924,4,7.27
-134,54,1924,5,8.36
-134,54,1924,6,9.85
-134,56,1924,3,7.12
-134,56,1924,4,7.26
-134,56,1924,5,8.39
-134,56,1924,6,9.66
-134,58,1924,3,7.01
-134,58,1924,4,7.28
-134,58,1924,5,8.46
-134,58,1924,6,9.59
-132,48,1924,3,8.27
-132,48,1924,4,8.09
-132,48,1924,5,9.24
-132,48,1924,6,11.18
-132,50,1924,3,7.88
-132,50,1924,4,7.73
-132,50,1924,5,8.9
-132,50,1924,6,10.73
-132,52,1924,3,7.68
-132,52,1924,4,7.66
-132,52,1924,5,8.86
-132,52,1924,6,10.48
-132,54,1924,3,7.5
-132,54,1924,4,7.62
-132,54,1924,5,8.83
-132,54,1924,6,10.24
-132,56,1924,3,7.35
-132,56,1924,4,7.56
-132,56,1924,5,8.75
-132,56,1924,6,9.95
-130,48,1924,3,8.48
-130,48,1924,4,8.37
-130,48,1924,5,9.67
-130,48,1924,6,11.46
-130,50,1924,3,8.16
-130,50,1924,4,8.12
-130,50,1924,5,9.41
-130,50,1924,6,11.08
-130,52,1924,3,7.93
-130,52,1924,4,8.02
-130,52,1924,5,9.36
-130,52,1924,6,10.88
-130,54,1924,3,7.74
-130,54,1924,4,7.94
-130,54,1924,5,9.27
-130,54,1924,6,10.64
-128,48,1924,3,8.68
-128,48,1924,4,8.71
-128,48,1924,5,10.18
-128,48,1924,6,11.81
-128,50,1924,3,8.42
-128,50,1924,4,8.52
-128,50,1924,5,9.97
-128,50,1924,6,11.48
-128,52,1924,3,8.23
-128,52,1924,4,8.4
-128,52,1924,5,9.84
-128,52,1924,6,11.25
-126,48,1924,3,8.84
-126,48,1924,4,9.04
-126,48,1924,5,10.69
-126,48,1924,6,12.18
-126,50,1924,3,8.58
-126,50,1924,4,8.9
-126,50,1924,5,10.57
-126,50,1924,6,11.96
-136,48,1925,3,6.82
-136,48,1925,4,7.48
-136,48,1925,5,8.82
-136,48,1925,6,9.95
-136,50,1925,3,6.13
-136,50,1925,4,6.76
-136,50,1925,5,8.22
-136,50,1925,6,9.33
-136,52,1925,3,5.79
-136,52,1925,4,6.34
-136,52,1925,5,7.87
-136,52,1925,6,8.96
-136,54,1925,3,5.59
-136,54,1925,4,6.03
-136,54,1925,5,7.58
-136,54,1925,6,8.63
-136,56,1925,3,5.39
-136,56,1925,4,5.77
-136,56,1925,5,7.34
-136,56,1925,6,8.42
-136,58,1925,3,5.28
-136,58,1925,4,5.63
-136,58,1925,5,7.23
-136,58,1925,6,8.32
-134,48,1925,3,7.13
-134,48,1925,4,7.78
-134,48,1925,5,9.24
-134,48,1925,6,10.44
-134,50,1925,3,6.54
-134,50,1925,4,7.2
-134,50,1925,5,8.74
-134,50,1925,6,9.87
-134,52,1925,3,6.25
-134,52,1925,4,6.86
-134,52,1925,5,8.42
-134,52,1925,6,9.46
-134,54,1925,3,6
-134,54,1925,4,6.54
-134,54,1925,5,8.09
-134,54,1925,6,9.01
-134,56,1925,3,5.71
-134,56,1925,4,6.21
-134,56,1925,5,7.74
-134,56,1925,6,8.6
-134,58,1925,3,5.5
-134,58,1925,4,5.95
-134,58,1925,5,7.47
-134,58,1925,6,8.31
-132,48,1925,3,7.45
-132,48,1925,4,8.12
-132,48,1925,5,9.71
-132,48,1925,6,11.03
-132,50,1925,3,6.95
-132,50,1925,4,7.66
-132,50,1925,5,9.28
-132,50,1925,6,10.51
-132,52,1925,3,6.61
-132,52,1925,4,7.34
-132,52,1925,5,8.98
-132,52,1925,6,10.09
-132,54,1925,3,6.26
-132,54,1925,4,6.96
-132,54,1925,5,8.6
-132,54,1925,6,9.56
-132,56,1925,3,5.95
-132,56,1925,4,6.58
-132,56,1925,5,8.15
-132,56,1925,6,8.99
-130,48,1925,3,7.76
-130,48,1925,4,8.49
-130,48,1925,5,10.24
-130,48,1925,6,11.69
-130,50,1925,3,7.34
-130,50,1925,4,8.14
-130,50,1925,5,9.88
-130,50,1925,6,11.2
-130,52,1925,3,6.95
-130,52,1925,4,7.8
-130,52,1925,5,9.56
-130,52,1925,6,10.77
-130,54,1925,3,6.56
-130,54,1925,4,7.38
-130,54,1925,5,9.12
-130,54,1925,6,10.18
-128,48,1925,3,8.08
-128,48,1925,4,8.93
-128,48,1925,5,10.87
-128,48,1925,6,12.42
-128,50,1925,3,7.71
-128,50,1925,4,8.64
-128,50,1925,5,10.54
-128,50,1925,6,11.94
-128,52,1925,3,7.35
-128,52,1925,4,8.3
-128,52,1925,5,10.14
-128,52,1925,6,11.43
-126,48,1925,3,8.32
-126,48,1925,4,9.35
-126,48,1925,5,11.49
-126,48,1925,6,13.09
-126,50,1925,3,7.99
-126,50,1925,4,9.14
-126,50,1925,5,11.26
-126,50,1925,6,12.77
-136,48,1926,3,8.37
-136,48,1926,4,9
-136,48,1926,5,9.07
-136,48,1926,6,10.72
-136,50,1926,3,7.85
-136,50,1926,4,8.42
-136,50,1926,5,8.81
-136,50,1926,6,10.69
-136,52,1926,3,7.64
-136,52,1926,4,8.07
-136,52,1926,5,8.8
-136,52,1926,6,10.95
-136,54,1926,3,7.52
-136,54,1926,4,7.75
-136,54,1926,5,8.8
-136,54,1926,6,11.24
-136,56,1926,3,7.39
-136,56,1926,4,7.46
-136,56,1926,5,8.79
-136,56,1926,6,11.48
-136,58,1926,3,7.32
-136,58,1926,4,7.28
-136,58,1926,5,8.75
-136,58,1926,6,11.63
-134,48,1926,3,8.71
-134,48,1926,4,9.41
-134,48,1926,5,9.64
-134,48,1926,6,11.19
-134,50,1926,3,8.26
-134,50,1926,4,8.9
-134,50,1926,5,9.38
-134,50,1926,6,11.17
-134,52,1926,3,8.07
-134,52,1926,4,8.57
-134,52,1926,5,9.31
-134,52,1926,6,11.36
-134,54,1926,3,7.9
-134,54,1926,4,8.21
-134,54,1926,5,9.18
-134,54,1926,6,11.5
-134,56,1926,3,7.67
-134,56,1926,4,7.81
-134,56,1926,5,8.99
-134,56,1926,6,11.55
-134,58,1926,3,7.51
-134,58,1926,4,7.51
-134,58,1926,5,8.79
-134,58,1926,6,11.55
-132,48,1926,3,9.05
-132,48,1926,4,9.85
-132,48,1926,5,10.29
-132,48,1926,6,11.71
-132,50,1926,3,8.66
-132,50,1926,4,9.4
-132,50,1926,5,10.03
-132,50,1926,6,11.69
-132,52,1926,3,8.4
-132,52,1926,4,9.03
-132,52,1926,5,9.87
-132,52,1926,6,11.8
-132,54,1926,3,8.12
-132,54,1926,4,8.58
-132,54,1926,5,9.58
-132,54,1926,6,11.81
-132,56,1926,3,7.87
-132,56,1926,4,8.13
-132,56,1926,5,9.22
-132,56,1926,6,11.69
-130,48,1926,3,9.39
-130,48,1926,4,10.32
-130,48,1926,5,11.01
-130,48,1926,6,12.27
-130,50,1926,3,9.05
-130,50,1926,4,9.93
-130,50,1926,5,10.75
-130,50,1926,6,12.21
-130,52,1926,3,8.71
-130,52,1926,4,9.5
-130,52,1926,5,10.45
-130,52,1926,6,12.2
-130,54,1926,3,8.38
-130,54,1926,4,8.99
-130,54,1926,5,10
-130,54,1926,6,12.08
-128,48,1926,3,9.73
-128,48,1926,4,10.86
-128,48,1926,5,11.82
-128,48,1926,6,12.87
-128,50,1926,3,9.41
-128,50,1926,4,10.49
-128,50,1926,5,11.51
-128,50,1926,6,12.71
-128,52,1926,3,9.08
-128,52,1926,4,10.02
-128,52,1926,5,11.04
-128,52,1926,6,12.53
-126,48,1926,3,9.99
-126,48,1926,4,11.35
-126,48,1926,5,12.57
-126,48,1926,6,13.43
-126,50,1926,3,9.68
-126,50,1926,4,11.03
-126,50,1926,5,12.31
-126,50,1926,6,13.26
-136,48,1927,3,7.34
-136,48,1927,4,7.66
-136,48,1927,5,8.25
-136,48,1927,6,10.52
-136,50,1927,3,6.82
-136,50,1927,4,7.04
-136,50,1927,5,7.8
-136,50,1927,6,10.15
-136,52,1927,3,6.51
-136,52,1927,4,6.71
-136,52,1927,5,7.69
-136,52,1927,6,10.09
-136,54,1927,3,6.23
-136,54,1927,4,6.5
-136,54,1927,5,7.7
-136,54,1927,6,10.13
-136,56,1927,3,5.94
-136,56,1927,4,6.31
-136,56,1927,5,7.74
-136,56,1927,6,10.2
-136,58,1927,3,5.73
-136,58,1927,4,6.23
-136,58,1927,5,7.84
-136,58,1927,6,10.33
-134,48,1927,3,7.59
-134,48,1927,4,7.89
-134,48,1927,5,8.48
-134,48,1927,6,10.9
-134,50,1927,3,7.09
-134,50,1927,4,7.31
-134,50,1927,5,8.08
-134,50,1927,6,10.58
-134,52,1927,3,6.81
-134,52,1927,4,7.04
-134,52,1927,5,8.03
-134,52,1927,6,10.54
-134,54,1927,3,6.49
-134,54,1927,4,6.79
-134,54,1927,5,8.01
-134,54,1927,6,10.51
-134,56,1927,3,6.09
-134,56,1927,4,6.51
-134,56,1927,5,7.93
-134,56,1927,6,10.41
-134,58,1927,3,5.82
-134,58,1927,4,6.33
-134,58,1927,5,7.92
-134,58,1927,6,10.41
-132,48,1927,3,7.86
-132,48,1927,4,8.13
-132,48,1927,5,8.74
-132,48,1927,6,11.28
-132,50,1927,3,7.38
-132,50,1927,4,7.61
-132,50,1927,5,8.42
-132,50,1927,6,11.02
-132,52,1927,3,7.03
-132,52,1927,4,7.32
-132,52,1927,5,8.38
-132,52,1927,6,10.99
-132,54,1927,3,6.61
-132,54,1927,4,7
-132,54,1927,5,8.3
-132,54,1927,6,10.92
-132,56,1927,3,6.23
-132,56,1927,4,6.68
-132,56,1927,5,8.15
-132,56,1927,6,10.73
-130,48,1927,3,8.13
-130,48,1927,4,8.41
-130,48,1927,5,9.08
-130,48,1927,6,11.68
-130,50,1927,3,7.67
-130,50,1927,4,7.95
-130,50,1927,5,8.82
-130,50,1927,6,11.43
-130,52,1927,3,7.26
-130,52,1927,4,7.62
-130,52,1927,5,8.73
-130,52,1927,6,11.4
-130,54,1927,3,6.81
-130,54,1927,4,7.25
-130,54,1927,5,8.59
-130,54,1927,6,11.31
-128,48,1927,3,8.44
-128,48,1927,4,8.76
-128,48,1927,5,9.55
-128,48,1927,6,12.14
-128,50,1927,3,7.97
-128,50,1927,4,8.34
-128,50,1927,5,9.29
-128,50,1927,6,11.86
-128,52,1927,3,7.57
-128,52,1927,4,7.98
-128,52,1927,5,9.09
-128,52,1927,6,11.72
-126,48,1927,3,8.67
-126,48,1927,4,9.1
-126,48,1927,5,10.05
-126,48,1927,6,12.59
-126,50,1927,3,8.23
-126,50,1927,4,8.76
-126,50,1927,5,9.85
-126,50,1927,6,12.37
-136,48,1928,3,7.79
-136,48,1928,4,7.66
-136,48,1928,5,8.8
-136,48,1928,6,10.73
-136,50,1928,3,7.01
-136,50,1928,4,7.18
-136,50,1928,5,8.28
-136,50,1928,6,10.2
-136,52,1928,3,6.41
-136,52,1928,4,6.95
-136,52,1928,5,7.97
-136,52,1928,6,9.87
-136,54,1928,3,5.84
-136,54,1928,4,6.78
-136,54,1928,5,7.66
-136,54,1928,6,9.56
-136,56,1928,3,5.32
-136,56,1928,4,6.64
-136,56,1928,5,7.41
-136,56,1928,6,9.35
-136,58,1928,3,4.98
-136,58,1928,4,6.54
-136,58,1928,5,7.23
-136,58,1928,6,9.23
-134,48,1928,3,8.07
-134,48,1928,4,7.98
-134,48,1928,5,9.19
-134,48,1928,6,11.16
-134,50,1928,3,7.32
-134,50,1928,4,7.54
-134,50,1928,5,8.7
-134,50,1928,6,10.66
-134,52,1928,3,6.76
-134,52,1928,4,7.36
-134,52,1928,5,8.39
-134,52,1928,6,10.31
-134,54,1928,3,6.17
-134,54,1928,4,7.16
-134,54,1928,5,8.03
-134,54,1928,6,9.91
-134,56,1928,3,5.55
-134,56,1928,4,6.88
-134,56,1928,5,7.62
-134,56,1928,6,9.48
-134,58,1928,3,5.13
-134,58,1928,4,6.69
-134,58,1928,5,7.31
-134,58,1928,6,9.2
-132,48,1928,3,8.35
-132,48,1928,4,8.28
-132,48,1928,5,9.6
-132,48,1928,6,11.62
-132,50,1928,3,7.65
-132,50,1928,4,7.89
-132,50,1928,5,9.17
-132,50,1928,6,11.17
-132,52,1928,3,7.05
-132,52,1928,4,7.68
-132,52,1928,5,8.84
-132,52,1928,6,10.81
-132,54,1928,3,6.38
-132,54,1928,4,7.4
-132,54,1928,5,8.4
-132,54,1928,6,10.34
-132,56,1928,3,5.79
-132,56,1928,4,7.09
-132,56,1928,5,7.89
-132,56,1928,6,9.8
-130,48,1928,3,8.64
-130,48,1928,4,8.61
-130,48,1928,5,10.1
-130,48,1928,6,12.13
-130,50,1928,3,8
-130,50,1928,4,8.27
-130,50,1928,5,9.7
-130,50,1928,6,11.7
-130,52,1928,3,7.36
-130,52,1928,4,7.99
-130,52,1928,5,9.3
-130,52,1928,6,11.31
-130,54,1928,3,6.71
-130,54,1928,4,7.65
-130,54,1928,5,8.79
-130,54,1928,6,10.81
-128,48,1928,3,9.01
-128,48,1928,4,9.04
-128,48,1928,5,10.73
-128,48,1928,6,12.74
-128,50,1928,3,8.39
-128,50,1928,4,8.69
-128,50,1928,5,10.31
-128,50,1928,6,12.28
-128,52,1928,3,7.79
-128,52,1928,4,8.34
-128,52,1928,5,9.79
-128,52,1928,6,11.78
-126,48,1928,3,9.32
-126,48,1928,4,9.46
-126,48,1928,5,11.37
-126,48,1928,6,13.33
-126,50,1928,3,8.77
-126,50,1928,4,9.14
-126,50,1928,5,11.02
-126,50,1928,6,12.96
-136,48,1929,3,7.48
-136,48,1929,4,7.42
-136,48,1929,5,8.84
-136,48,1929,6,10.39
-136,50,1929,3,6.87
-136,50,1929,4,6.96
-136,50,1929,5,8.32
-136,50,1929,6,10.08
-136,52,1929,3,6.62
-136,52,1929,4,6.81
-136,52,1929,5,8.06
-136,52,1929,6,10
-136,54,1929,3,6.52
-136,54,1929,4,6.78
-136,54,1929,5,7.84
-136,54,1929,6,9.94
-136,56,1929,3,6.44
-136,56,1929,4,6.76
-136,56,1929,5,7.67
-136,56,1929,6,9.87
-136,58,1929,3,6.45
-136,58,1929,4,6.83
-136,58,1929,5,7.61
-136,58,1929,6,9.83
-134,48,1929,3,7.71
-134,48,1929,4,7.65
-134,48,1929,5,9.06
-134,48,1929,6,10.74
-134,50,1929,3,7.18
-134,50,1929,4,7.26
-134,50,1929,5,8.58
-134,50,1929,6,10.42
-134,52,1929,3,7
-134,52,1929,4,7.2
-134,52,1929,5,8.35
-134,52,1929,6,10.31
-134,54,1929,3,6.86
-134,54,1929,4,7.14
-134,54,1929,5,8.09
-134,54,1929,6,10.11
-134,56,1929,3,6.65
-134,56,1929,4,7.01
-134,56,1929,5,7.79
-134,56,1929,6,9.83
-134,58,1929,3,6.58
-134,58,1929,4,7
-134,58,1929,5,7.63
-134,58,1929,6,9.66
-132,48,1929,3,7.89
-132,48,1929,4,7.89
-132,48,1929,5,9.32
-132,48,1929,6,11.12
-132,50,1929,3,7.43
-132,50,1929,4,7.57
-132,50,1929,5,8.89
-132,50,1929,6,10.8
-132,52,1929,3,7.22
-132,52,1929,4,7.48
-132,52,1929,5,8.64
-132,52,1929,6,10.61
-132,54,1929,3,7.02
-132,54,1929,4,7.37
-132,54,1929,5,8.36
-132,54,1929,6,10.35
-132,56,1929,3,6.84
-132,56,1929,4,7.24
-132,56,1929,5,8.01
-132,56,1929,6,9.97
-130,48,1929,3,8.06
-130,48,1929,4,8.18
-130,48,1929,5,9.69
-130,48,1929,6,11.56
-130,50,1929,3,7.69
-130,50,1929,4,7.93
-130,50,1929,5,9.32
-130,50,1929,6,11.22
-130,52,1929,3,7.44
-130,52,1929,4,7.8
-130,52,1929,5,9.03
-130,52,1929,6,10.97
-130,54,1929,3,7.23
-130,54,1929,4,7.64
-130,54,1929,5,8.68
-130,54,1929,6,10.63
-128,48,1929,3,8.26
-128,48,1929,4,8.58
-128,48,1929,5,10.21
-128,48,1929,6,12.09
-128,50,1929,3,7.93
-128,50,1929,4,8.35
-128,50,1929,5,9.85
-128,50,1929,6,11.69
-128,52,1929,3,7.73
-128,52,1929,4,8.16
-128,52,1929,5,9.47
-128,52,1929,6,11.3
-126,48,1929,3,8.4
-126,48,1929,4,8.98
-126,48,1929,5,10.78
-126,48,1929,6,12.62
-126,50,1929,3,8.12
-126,50,1929,4,8.8
-126,50,1929,5,10.5
-126,50,1929,6,12.26
-136,48,1930,3,7.12
-136,48,1930,4,7.87
-136,48,1930,5,8.6
-136,48,1930,6,10.7
-136,50,1930,3,6.58
-136,50,1930,4,7.34
-136,50,1930,5,8.08
-136,50,1930,6,10.2
-136,52,1930,3,6.33
-136,52,1930,4,7.06
-136,52,1930,5,7.75
-136,52,1930,6,9.88
-136,54,1930,3,6.18
-136,54,1930,4,6.84
-136,54,1930,5,7.44
-136,54,1930,6,9.56
-136,56,1930,3,6.03
-136,56,1930,4,6.62
-136,56,1930,5,7.17
-136,56,1930,6,9.29
-136,58,1930,3,5.98
-136,58,1930,4,6.51
-136,58,1930,5,7.06
-136,58,1930,6,9.18
-134,48,1930,3,7.36
-134,48,1930,4,8.2
-134,48,1930,5,8.92
-134,48,1930,6,10.92
-134,50,1930,3,6.88
-134,50,1930,4,7.72
-134,50,1930,5,8.45
-134,50,1930,6,10.5
-134,52,1930,3,6.7
-134,52,1930,4,7.49
-134,52,1930,5,8.17
-134,52,1930,6,10.2
-134,54,1930,3,6.5
-134,54,1930,4,7.21
-134,54,1930,5,7.8
-134,54,1930,6,9.82
-134,56,1930,3,6.25
-134,56,1930,4,6.88
-134,56,1930,5,7.41
-134,56,1930,6,9.41
-134,58,1930,3,6.1
-134,58,1930,4,6.63
-134,58,1930,5,7.13
-134,58,1930,6,9.13
-132,48,1930,3,7.6
-132,48,1930,4,8.55
-132,48,1930,5,9.3
-132,48,1930,6,11.16
-132,50,1930,3,7.17
-132,50,1930,4,8.11
-132,50,1930,5,8.87
-132,50,1930,6,10.79
-132,52,1930,3,6.92
-132,52,1930,4,7.82
-132,52,1930,5,8.57
-132,52,1930,6,10.51
-132,54,1930,3,6.67
-132,54,1930,4,7.48
-132,54,1930,5,8.2
-132,54,1930,6,10.16
-132,56,1930,3,6.41
-132,56,1930,4,7.1
-132,56,1930,5,7.71
-132,56,1930,6,9.67
-130,48,1930,3,7.87
-130,48,1930,4,8.95
-130,48,1930,5,9.78
-130,48,1930,6,11.47
-130,50,1930,3,7.49
-130,50,1930,4,8.56
-130,50,1930,5,9.39
-130,50,1930,6,11.14
-130,52,1930,3,7.17
-130,52,1930,4,8.19
-130,52,1930,5,9.05
-130,52,1930,6,10.86
-130,54,1930,3,6.88
-130,54,1930,4,7.79
-130,54,1930,5,8.61
-130,54,1930,6,10.52
-128,48,1930,3,8.18
-128,48,1930,4,9.43
-128,48,1930,5,10.39
-128,48,1930,6,11.89
-128,50,1930,3,7.81
-128,50,1930,4,9.05
-128,50,1930,5,10.01
-128,50,1930,6,11.53
-128,52,1930,3,7.49
-128,52,1930,4,8.62
-128,52,1930,5,9.56
-128,52,1930,6,11.19
-126,48,1930,3,8.42
-126,48,1930,4,9.89
-126,48,1930,5,11.01
-126,48,1930,6,12.32
-126,50,1930,3,8.08
-126,50,1930,4,9.56
-126,50,1930,5,10.71
-126,50,1930,6,12.03
-136,48,1931,3,7.86
-136,48,1931,4,7.9
-136,48,1931,5,9.24
-136,48,1931,6,10.76
-136,50,1931,3,7.32
-136,50,1931,4,7.28
-136,50,1931,5,8.59
-136,50,1931,6,10.33
-136,52,1931,3,7.06
-136,52,1931,4,6.92
-136,52,1931,5,8.13
-136,52,1931,6,10.13
-136,54,1931,3,6.91
-136,54,1931,4,6.66
-136,54,1931,5,7.77
-136,54,1931,6,10.01
-136,56,1931,3,6.69
-136,56,1931,4,6.39
-136,56,1931,5,7.46
-136,56,1931,6,9.9
-136,58,1931,3,6.56
-136,58,1931,4,6.26
-136,58,1931,5,7.34
-136,58,1931,6,9.87
-134,48,1931,3,8.25
-134,48,1931,4,8.31
-134,48,1931,5,9.66
-134,48,1931,6,11.29
-134,50,1931,3,7.74
-134,50,1931,4,7.74
-134,50,1931,5,9.09
-134,50,1931,6,10.89
-134,52,1931,3,7.5
-134,52,1931,4,7.42
-134,52,1931,5,8.71
-134,52,1931,6,10.67
-134,54,1931,3,7.28
-134,54,1931,4,7.11
-134,54,1931,5,8.32
-134,54,1931,6,10.42
-134,56,1931,3,6.93
-134,56,1931,4,6.71
-134,56,1931,5,7.86
-134,56,1931,6,10.09
-134,58,1931,3,6.72
-134,58,1931,4,6.49
-134,58,1931,5,7.6
-134,58,1931,6,9.9
-132,48,1931,3,8.59
-132,48,1931,4,8.72
-132,48,1931,5,10.08
-132,48,1931,6,11.82
-132,50,1931,3,8.11
-132,50,1931,4,8.2
-132,50,1931,5,9.6
-132,50,1931,6,11.47
-132,52,1931,3,7.81
-132,52,1931,4,7.85
-132,52,1931,5,9.26
-132,52,1931,6,11.24
-132,54,1931,3,7.47
-132,54,1931,4,7.45
-132,54,1931,5,8.82
-132,54,1931,6,10.89
-132,56,1931,3,7.14
-132,56,1931,4,7.04
-132,56,1931,5,8.32
-132,56,1931,6,10.44
-130,48,1931,3,8.91
-130,48,1931,4,9.16
-130,48,1931,5,10.56
-130,48,1931,6,12.38
-130,50,1931,3,8.47
-130,50,1931,4,8.68
-130,50,1931,5,10.14
-130,50,1931,6,12.03
-130,52,1931,3,8.09
-130,52,1931,4,8.29
-130,52,1931,5,9.81
-130,52,1931,6,11.78
-130,54,1931,3,7.7
-130,54,1931,4,7.83
-130,54,1931,5,9.34
-130,54,1931,6,11.37
-128,48,1931,3,9.29
-128,48,1931,4,9.71
-128,48,1931,5,11.17
-128,48,1931,6,13.03
-128,50,1931,3,8.83
-128,50,1931,4,9.23
-128,50,1931,5,10.77
-128,50,1931,6,12.63
-128,52,1931,3,8.44
-128,52,1931,4,8.78
-128,52,1931,5,10.36
-128,52,1931,6,12.25
-126,48,1931,3,9.58
-126,48,1931,4,10.22
-126,48,1931,5,11.78
-126,48,1931,6,13.62
-126,50,1931,3,9.15
-126,50,1931,4,9.83
-126,50,1931,5,11.48
-126,50,1931,6,13.32
-136,48,1932,3,7.06
-136,48,1932,4,7.17
-136,48,1932,5,8.3
-136,48,1932,6,9.98
-136,50,1932,3,6.44
-136,50,1932,4,6.9
-136,50,1932,5,7.92
-136,50,1932,6,9.5
-136,52,1932,3,6.12
-136,52,1932,4,6.97
-136,52,1932,5,7.84
-136,52,1932,6,9.33
-136,54,1932,3,5.97
-136,54,1932,4,7.2
-136,54,1932,5,7.92
-136,54,1932,6,9.33
-136,56,1932,3,5.79
-136,56,1932,4,7.36
-136,56,1932,5,7.97
-136,56,1932,6,9.36
-136,58,1932,3,5.73
-136,58,1932,4,7.54
-136,58,1932,5,8.09
-136,58,1932,6,9.5
-134,48,1932,3,7.33
-134,48,1932,4,7.56
-134,48,1932,5,8.73
-134,48,1932,6,10.48
-134,50,1932,3,6.79
-134,50,1932,4,7.35
-134,50,1932,5,8.43
-134,50,1932,6,10.08
-134,52,1932,3,6.56
-134,52,1932,4,7.49
-134,52,1932,5,8.42
-134,52,1932,6,9.95
-134,54,1932,3,6.38
-134,54,1932,4,7.68
-134,54,1932,5,8.44
-134,54,1932,6,9.87
-134,56,1932,3,6.08
-134,56,1932,4,7.72
-134,56,1932,5,8.34
-134,56,1932,6,9.7
-134,58,1932,3,5.95
-134,58,1932,4,7.8
-134,58,1932,5,8.31
-134,58,1932,6,9.66
-132,48,1932,3,7.58
-132,48,1932,4,7.95
-132,48,1932,5,9.2
-132,48,1932,6,10.99
-132,50,1932,3,7.12
-132,50,1932,4,7.79
-132,50,1932,5,8.97
-132,50,1932,6,10.68
-132,52,1932,3,6.88
-132,52,1932,4,7.9
-132,52,1932,5,8.97
-132,52,1932,6,10.59
-132,54,1932,3,6.6
-132,54,1932,4,7.97
-132,54,1932,5,8.9
-132,54,1932,6,10.45
-132,56,1932,3,6.34
-132,56,1932,4,7.98
-132,56,1932,5,8.71
-132,56,1932,6,10.17
-130,48,1932,3,7.83
-130,48,1932,4,8.36
-130,48,1932,5,9.73
-130,48,1932,6,11.53
-130,50,1932,3,7.44
-130,50,1932,4,8.23
-130,50,1932,5,9.55
-130,50,1932,6,11.26
-130,52,1932,3,7.17
-130,52,1932,4,8.26
-130,52,1932,5,9.5
-130,52,1932,6,11.17
-130,54,1932,3,6.87
-130,54,1932,4,8.24
-130,54,1932,5,9.33
-130,54,1932,6,10.99
-128,48,1932,3,8.14
-128,48,1932,4,8.89
-128,48,1932,5,10.41
-128,48,1932,6,12.17
-128,50,1932,3,7.78
-128,50,1932,4,8.71
-128,50,1932,5,10.2
-128,50,1932,6,11.87
-128,52,1932,3,7.51
-128,52,1932,4,8.63
-128,52,1932,5,10
-128,52,1932,6,11.68
-126,48,1932,3,8.38
-126,48,1932,4,9.36
-126,48,1932,5,11.06
-126,48,1932,6,12.77
-126,50,1932,3,8.06
-126,50,1932,4,9.21
-126,50,1932,5,10.92
-126,50,1932,6,12.58
-136,48,1933,3,6.7
-136,48,1933,4,7.16
-136,48,1933,5,7.15
-136,48,1933,6,9.34
-136,50,1933,3,6.25
-136,50,1933,4,6.61
-136,50,1933,5,7.04
-136,50,1933,6,9.12
-136,52,1933,3,6.1
-136,52,1933,4,6.36
-136,52,1933,5,7.29
-136,52,1933,6,9.19
-136,54,1933,3,6.09
-136,54,1933,4,6.24
-136,54,1933,5,7.68
-136,54,1933,6,9.35
-136,56,1933,3,6.01
-136,56,1933,4,6.09
-136,56,1933,5,7.99
-136,56,1933,6,9.45
-136,58,1933,3,6
-136,58,1933,4,6.06
-136,58,1933,5,8.23
-136,58,1933,6,9.56
-134,48,1933,3,7.01
-134,48,1933,4,7.4
-134,48,1933,5,7.53
-134,48,1933,6,9.9
-134,50,1933,3,6.64
-134,50,1933,4,6.95
-134,50,1933,5,7.5
-134,50,1933,6,9.72
-134,52,1933,3,6.57
-134,52,1933,4,6.79
-134,52,1933,5,7.8
-134,52,1933,6,9.77
-134,54,1933,3,6.48
-134,54,1933,4,6.61
-134,54,1933,5,8.07
-134,54,1933,6,9.75
-134,56,1933,3,6.28
-134,56,1933,4,6.37
-134,56,1933,5,8.2
-134,56,1933,6,9.62
-134,58,1933,3,6.16
-134,58,1933,4,6.21
-134,58,1933,5,8.27
-134,58,1933,6,9.52
-132,48,1933,3,7.3
-132,48,1933,4,7.65
-132,48,1933,5,7.95
-132,48,1933,6,10.51
-132,50,1933,3,6.97
-132,50,1933,4,7.28
-132,50,1933,5,7.97
-132,50,1933,6,10.34
-132,52,1933,3,6.84
-132,52,1933,4,7.09
-132,52,1933,5,8.21
-132,52,1933,6,10.33
-132,54,1933,3,6.68
-132,54,1933,4,6.88
-132,54,1933,5,8.39
-132,54,1933,6,10.23
-132,56,1933,3,6.47
-132,56,1933,4,6.6
-132,56,1933,5,8.37
-132,56,1933,6,9.91
-130,48,1933,3,7.59
-130,48,1933,4,7.95
-130,48,1933,5,8.46
-130,48,1933,6,11.19
-130,50,1933,3,7.3
-130,50,1933,4,7.65
-130,50,1933,5,8.5
-130,50,1933,6,10.99
-130,52,1933,3,7.09
-130,52,1933,4,7.42
-130,52,1933,5,8.63
-130,52,1933,6,10.89
-130,54,1933,3,6.89
-130,54,1933,4,7.17
-130,54,1933,5,8.65
-130,54,1933,6,10.68
-128,48,1933,3,7.93
-128,48,1933,4,8.4
-128,48,1933,5,9.13
-128,48,1933,6,11.97
-128,50,1933,3,7.62
-128,50,1933,4,8.09
-128,50,1933,5,9.09
-128,50,1933,6,11.67
-128,52,1933,3,7.4
-128,52,1933,4,7.8
-128,52,1933,5,9.01
-128,52,1933,6,11.38
-126,48,1933,3,8.21
-126,48,1933,4,8.84
-126,48,1933,5,9.79
-126,48,1933,6,12.69
-126,50,1933,3,7.93
-126,50,1933,4,8.61
-126,50,1933,5,9.78
-126,50,1933,6,12.47
-136,48,1934,3,8.43
-136,48,1934,4,9.33
-136,48,1934,5,9.31
-136,48,1934,6,11.23
-136,50,1934,3,7.7
-136,50,1934,4,8.51
-136,50,1934,5,8.77
-136,50,1934,6,10.64
-136,52,1934,3,7.22
-136,52,1934,4,7.97
-136,52,1934,5,8.48
-136,52,1934,6,10.3
-136,54,1934,3,6.87
-136,54,1934,4,7.57
-136,54,1934,5,8.29
-136,54,1934,6,10.12
-136,56,1934,3,6.51
-136,56,1934,4,7.2
-136,56,1934,5,8.1
-136,56,1934,6,9.98
-136,58,1934,3,6.33
-136,58,1934,4,7.08
-136,58,1934,5,8.03
-136,58,1934,6,10.02
-134,48,1934,3,8.85
-134,48,1934,4,9.75
-134,48,1934,5,9.89
-134,48,1934,6,11.67
-134,50,1934,3,8.2
-134,50,1934,4,9.06
-134,50,1934,5,9.41
-134,50,1934,6,11.18
-134,52,1934,3,7.81
-134,52,1934,4,8.64
-134,52,1934,5,9.16
-134,52,1934,6,10.91
-134,54,1934,3,7.39
-134,54,1934,4,8.2
-134,54,1934,5,8.85
-134,54,1934,6,10.62
-134,56,1934,3,6.91
-134,56,1934,4,7.76
-134,56,1934,5,8.49
-134,56,1934,6,10.31
-134,58,1934,3,6.58
-134,58,1934,4,7.46
-134,58,1934,5,8.21
-134,58,1934,6,10.13
-132,48,1934,3,9.21
-132,48,1934,4,10.1
-132,48,1934,5,10.48
-132,48,1934,6,12.08
-132,50,1934,3,8.63
-132,50,1934,4,9.52
-132,50,1934,5,10.04
-132,50,1934,6,11.68
-132,52,1934,3,8.2
-132,52,1934,4,9.12
-132,52,1934,5,9.76
-132,52,1934,6,11.46
-132,54,1934,3,7.73
-132,54,1934,4,8.69
-132,54,1934,5,9.39
-132,54,1934,6,11.18
-132,56,1934,3,7.24
-132,56,1934,4,8.21
-132,56,1934,5,8.89
-132,56,1934,6,10.75
-130,48,1934,3,9.54
-130,48,1934,4,10.43
-130,48,1934,5,11.1
-130,48,1934,6,12.5
-130,50,1934,3,9.03
-130,50,1934,4,9.96
-130,50,1934,5,10.72
-130,50,1934,6,12.16
-130,52,1934,3,8.58
-130,52,1934,4,9.58
-130,52,1934,5,10.38
-130,52,1934,6,11.98
-130,54,1934,3,8.09
-130,54,1934,4,9.15
-130,54,1934,5,9.91
-130,54,1934,6,11.71
-128,48,1934,3,9.91
-128,48,1934,4,10.84
-128,48,1934,5,11.84
-128,48,1934,6,13.01
-128,50,1934,3,9.43
-128,50,1934,4,10.44
-128,50,1934,5,11.45
-128,50,1934,6,12.68
-128,52,1934,3,9
-128,52,1934,4,10.06
-128,52,1934,5,10.98
-128,52,1934,6,12.43
-126,48,1934,3,10.19
-126,48,1934,4,11.23
-126,48,1934,5,12.54
-126,48,1934,6,13.51
-126,50,1934,3,9.8
-126,50,1934,4,10.96
-126,50,1934,5,12.28
-126,50,1934,6,13.32
-136,48,1935,3,6.72
-136,48,1935,4,7.5
-136,48,1935,5,8.56
-136,48,1935,6,10.54
-136,50,1935,3,6.33
-136,50,1935,4,7.02
-136,50,1935,5,8.2
-136,50,1935,6,10.16
-136,52,1935,3,6.27
-136,52,1935,4,6.79
-136,52,1935,5,8.08
-136,52,1935,6,10.06
-136,54,1935,3,6.3
-136,54,1935,4,6.62
-136,54,1935,5,8.03
-136,54,1935,6,10.01
-136,56,1935,3,6.36
-136,56,1935,4,6.5
-136,56,1935,5,8.06
-136,56,1935,6,10.06
-136,58,1935,3,6.36
-136,58,1935,4,6.41
-136,58,1935,5,8.09
-136,58,1935,6,10.1
-134,48,1935,3,7.02
-134,48,1935,4,7.78
-134,48,1935,5,8.85
-134,48,1935,6,10.98
-134,50,1935,3,6.67
-134,50,1935,4,7.37
-134,50,1935,5,8.58
-134,50,1935,6,10.65
-134,52,1935,3,6.64
-134,52,1935,4,7.2
-134,52,1935,5,8.53
-134,52,1935,6,10.54
-134,54,1935,3,6.61
-134,54,1935,4,7
-134,54,1935,5,8.44
-134,54,1935,6,10.39
-134,56,1935,3,6.5
-134,56,1935,4,6.75
-134,56,1935,5,8.3
-134,56,1935,6,10.21
-134,58,1935,3,6.43
-134,58,1935,4,6.56
-134,58,1935,5,8.21
-134,58,1935,6,10.09
-132,48,1935,3,7.33
-132,48,1935,4,8.1
-132,48,1935,5,9.2
-132,48,1935,6,11.44
-132,50,1935,3,7.04
-132,50,1935,4,7.76
-132,50,1935,5,9.01
-132,50,1935,6,11.18
-132,52,1935,3,6.93
-132,52,1935,4,7.57
-132,52,1935,5,8.98
-132,52,1935,6,11.07
-132,54,1935,3,6.77
-132,54,1935,4,7.28
-132,54,1935,5,8.83
-132,54,1935,6,10.84
-132,56,1935,3,6.66
-132,56,1935,4,7.02
-132,56,1935,5,8.63
-132,56,1935,6,10.55
-130,48,1935,3,7.67
-130,48,1935,4,8.47
-130,48,1935,5,9.65
-130,48,1935,6,11.93
-130,50,1935,3,7.41
-130,50,1935,4,8.18
-130,50,1935,5,9.5
-130,50,1935,6,11.7
-130,52,1935,3,7.2
-130,52,1935,4,7.92
-130,52,1935,5,9.43
-130,52,1935,6,11.55
-130,54,1935,3,6.97
-130,54,1935,4,7.59
-130,54,1935,5,9.21
-130,54,1935,6,11.28
-128,48,1935,3,8.02
-128,48,1935,4,8.92
-128,48,1935,5,10.19
-128,48,1935,6,12.48
-128,50,1935,3,7.76
-128,50,1935,4,8.63
-128,50,1935,5,10.04
-128,50,1935,6,12.21
-128,52,1935,3,7.53
-128,52,1935,4,8.32
-128,52,1935,5,9.86
-128,52,1935,6,11.96
-126,48,1935,3,8.31
-126,48,1935,4,9.36
-126,48,1935,5,10.77
-126,48,1935,6,13.01
-126,50,1935,3,8.02
-126,50,1935,4,9.06
-126,50,1935,5,10.62
-126,50,1935,6,12.77
-136,48,1936,3,7.85
-136,48,1936,4,8.06
-136,48,1936,5,9.65
-136,48,1936,6,12.04
-136,50,1936,3,7.27
-136,50,1936,4,7.52
-136,50,1936,5,9.17
-136,50,1936,6,11.74
-136,52,1936,3,6.85
-136,52,1936,4,7.19
-136,52,1936,5,8.83
-136,52,1936,6,11.45
-136,54,1936,3,6.48
-136,54,1936,4,6.94
-136,54,1936,5,8.5
-136,54,1936,6,11.05
-136,56,1936,3,6.19
-136,56,1936,4,6.78
-136,56,1936,5,8.29
-136,56,1936,6,10.71
-136,58,1936,3,5.96
-136,58,1936,4,6.67
-136,58,1936,5,8.16
-136,58,1936,6,10.42
-134,48,1936,3,7.88
-134,48,1936,4,8.25
-134,48,1936,5,9.95
-134,48,1936,6,12.41
-134,50,1936,3,7.33
-134,50,1936,4,7.75
-134,50,1936,5,9.53
-134,50,1936,6,12.09
-134,52,1936,3,6.97
-134,52,1936,4,7.49
-134,52,1936,5,9.26
-134,52,1936,6,11.76
-134,54,1936,3,6.58
-134,54,1936,4,7.21
-134,54,1936,5,8.93
-134,54,1936,6,11.25
-134,56,1936,3,6.19
-134,56,1936,4,6.92
-134,56,1936,5,8.57
-134,56,1936,6,10.71
-134,58,1936,3,5.92
-134,58,1936,4,6.72
-134,58,1936,5,8.31
-134,58,1936,6,10.27
-132,48,1936,3,8.01
-132,48,1936,4,8.55
-132,48,1936,5,10.37
-132,48,1936,6,12.93
-132,50,1936,3,7.5
-132,50,1936,4,8.11
-132,50,1936,5,10.03
-132,50,1936,6,12.6
-132,52,1936,3,7.1
-132,52,1936,4,7.82
-132,52,1936,5,9.78
-132,52,1936,6,12.22
-132,54,1936,3,6.6
-132,54,1936,4,7.44
-132,54,1936,5,9.37
-132,54,1936,6,11.61
-132,56,1936,3,6.27
-132,56,1936,4,7.15
-132,56,1936,5,8.97
-132,56,1936,6,10.98
-130,48,1936,3,8.21
-130,48,1936,4,8.94
-130,48,1936,5,10.9
-130,48,1936,6,13.55
-130,50,1936,3,7.74
-130,50,1936,4,8.54
-130,50,1936,5,10.61
-130,50,1936,6,13.18
-130,52,1936,3,7.25
-130,52,1936,4,8.17
-130,52,1936,5,10.3
-130,52,1936,6,12.7
-130,54,1936,3,6.76
-130,54,1936,4,7.75
-130,54,1936,5,9.85
-130,54,1936,6,12.04
-128,48,1936,3,8.45
-128,48,1936,4,9.4
-128,48,1936,5,11.53
-128,48,1936,6,14.23
-128,50,1936,3,8.01
-128,50,1936,4,9.04
-128,50,1936,5,11.26
-128,50,1936,6,13.8
-128,52,1936,3,7.55
-128,52,1936,4,8.61
-128,52,1936,5,10.84
-128,52,1936,6,13.19
-126,48,1936,3,8.62
-126,48,1936,4,9.82
-126,48,1936,5,12.12
-126,48,1936,6,14.83
-126,50,1936,3,8.21
-126,50,1936,4,9.51
-126,50,1936,5,11.92
-126,50,1936,6,14.46
-136,48,1937,3,7.49
-136,48,1937,4,7.49
-136,48,1937,5,8.52
-136,48,1937,6,10.84
-136,50,1937,3,6.89
-136,50,1937,4,6.98
-136,50,1937,5,8.19
-136,50,1937,6,10.63
-136,52,1937,3,6.52
-136,52,1937,4,6.73
-136,52,1937,5,8.13
-136,52,1937,6,10.63
-136,54,1937,3,6.23
-136,54,1937,4,6.57
-136,54,1937,5,8.16
-136,54,1937,6,10.68
-136,56,1937,3,5.89
-136,56,1937,4,6.35
-136,56,1937,5,8.16
-136,56,1937,6,10.69
-136,58,1937,3,5.65
-136,58,1937,4,6.21
-136,58,1937,5,8.21
-136,58,1937,6,10.73
-134,48,1937,3,7.59
-134,48,1937,4,7.65
-134,48,1937,5,8.75
-134,48,1937,6,11.25
-134,50,1937,3,7.07
-134,50,1937,4,7.26
-134,50,1937,5,8.51
-134,50,1937,6,11.07
-134,52,1937,3,6.67
-134,52,1937,4,7
-134,52,1937,5,8.42
-134,52,1937,6,10.97
-134,54,1937,3,6.3
-134,54,1937,4,6.78
-134,54,1937,5,8.38
-134,54,1937,6,10.86
-134,56,1937,3,5.89
-134,56,1937,4,6.5
-134,56,1937,5,8.28
-134,56,1937,6,10.7
-134,58,1937,3,5.62
-134,58,1937,4,6.29
-134,58,1937,5,8.23
-134,58,1937,6,10.61
-132,48,1937,3,7.72
-132,48,1937,4,7.88
-132,48,1937,5,9.06
-132,48,1937,6,11.76
-132,50,1937,3,7.28
-132,50,1937,4,7.58
-132,50,1937,5,8.9
-132,50,1937,6,11.6
-132,52,1937,3,6.82
-132,52,1937,4,7.3
-132,52,1937,5,8.8
-132,52,1937,6,11.45
-132,54,1937,3,6.35
-132,54,1937,4,6.99
-132,54,1937,5,8.68
-132,54,1937,6,11.24
-132,56,1937,3,5.93
-132,56,1937,4,6.65
-132,56,1937,5,8.45
-132,56,1937,6,10.9
-130,48,1937,3,7.91
-130,48,1937,4,8.18
-130,48,1937,5,9.49
-130,48,1937,6,12.35
-130,50,1937,3,7.51
-130,50,1937,4,7.94
-130,50,1937,5,9.36
-130,50,1937,6,12.17
-130,52,1937,3,7.02
-130,52,1937,4,7.63
-130,52,1937,5,9.22
-130,52,1937,6,11.96
-130,54,1937,3,6.52
-130,54,1937,4,7.26
-130,54,1937,5,9.01
-130,54,1937,6,11.67
-128,48,1937,3,8.16
-128,48,1937,4,8.59
-128,48,1937,5,10.07
-128,48,1937,6,13.05
-128,50,1937,3,7.76
-128,50,1937,4,8.34
-128,50,1937,5,9.89
-128,50,1937,6,12.76
-128,52,1937,3,7.32
-128,52,1937,4,8.01
-128,52,1937,5,9.65
-128,52,1937,6,12.45
-126,48,1937,3,8.39
-126,48,1937,4,9.04
-126,48,1937,5,10.69
-126,48,1937,6,13.74
-126,50,1937,3,8
-126,50,1937,4,8.81
-126,50,1937,5,10.54
-126,50,1937,6,13.5
-136,48,1938,3,6.74
-136,48,1938,4,7.33
-136,48,1938,5,8.68
-136,48,1938,6,11.26
-136,50,1938,3,5.82
-136,50,1938,4,6.59
-136,50,1938,5,8.41
-136,50,1938,6,10.65
-136,52,1938,3,5.1
-136,52,1938,4,6.07
-136,52,1938,5,8.58
-136,52,1938,6,10.41
-136,54,1938,3,4.42
-136,54,1938,4,5.59
-136,54,1938,5,8.93
-136,54,1938,6,10.34
-136,56,1938,3,3.75
-136,56,1938,4,5.1
-136,56,1938,5,9.23
-136,56,1938,6,10.3
-136,58,1938,3,3.32
-136,58,1938,4,4.8
-136,58,1938,5,9.52
-136,58,1938,6,10.37
-134,48,1938,3,7.09
-134,48,1938,4,7.68
-134,48,1938,5,9.15
-134,48,1938,6,11.64
-134,50,1938,3,6.2
-134,50,1938,4,6.94
-134,50,1938,5,8.99
-134,50,1938,6,11.13
-134,52,1938,3,5.45
-134,52,1938,4,6.37
-134,52,1938,5,9.19
-134,52,1938,6,10.87
-134,54,1938,3,4.72
-134,54,1938,4,5.81
-134,54,1938,5,9.49
-134,54,1938,6,10.72
-134,56,1938,3,3.98
-134,56,1938,4,5.25
-134,56,1938,5,9.68
-134,56,1938,6,10.55
-134,58,1938,3,3.48
-134,58,1938,4,4.87
-134,58,1938,5,9.83
-134,58,1938,6,10.48
-132,48,1938,3,7.51
-132,48,1938,4,8.12
-132,48,1938,5,9.65
-132,48,1938,6,11.99
-132,50,1938,3,6.66
-132,50,1938,4,7.39
-132,50,1938,5,9.59
-132,50,1938,6,11.59
-132,52,1938,3,5.87
-132,52,1938,4,6.77
-132,52,1938,5,9.8
-132,52,1938,6,11.38
-132,54,1938,3,5.04
-132,54,1938,4,6.11
-132,54,1938,5,10
-132,54,1938,6,11.19
-132,56,1938,3,4.29
-132,56,1938,4,5.49
-132,56,1938,5,10.04
-132,56,1938,6,10.89
-130,48,1938,3,7.97
-130,48,1938,4,8.65
-130,48,1938,5,10.19
-130,48,1938,6,12.34
-130,50,1938,3,7.18
-130,50,1938,4,7.94
-130,50,1938,5,10.19
-130,50,1938,6,12.02
-130,52,1938,3,6.38
-130,52,1938,4,7.28
-130,52,1938,5,10.34
-130,52,1938,6,11.85
-130,54,1938,3,5.54
-130,54,1938,4,6.57
-130,54,1938,5,10.43
-130,54,1938,6,11.65
-128,48,1938,3,8.48
-128,48,1938,4,9.28
-128,48,1938,5,10.79
-128,48,1938,6,12.72
-128,50,1938,3,7.74
-128,50,1938,4,8.6
-128,50,1938,5,10.78
-128,50,1938,6,12.43
-128,52,1938,3,7.02
-128,52,1938,4,7.92
-128,52,1938,5,10.8
-128,52,1938,6,12.23
-126,48,1938,3,8.9
-126,48,1938,4,9.87
-126,48,1938,5,11.39
-126,48,1938,6,13.11
-126,50,1938,3,8.33
-126,50,1938,4,9.37
-126,50,1938,5,11.44
-126,50,1938,6,12.95
-136,48,1939,3,7.29
-136,48,1939,4,7.33
-136,48,1939,5,8.47
-136,48,1939,6,9.89
-136,50,1939,3,6.58
-136,50,1939,4,6.73
-136,50,1939,5,7.87
-136,50,1939,6,9.32
-136,52,1939,3,6.15
-136,52,1939,4,6.49
-136,52,1939,5,7.53
-136,52,1939,6,9.09
-136,54,1939,3,5.82
-136,54,1939,4,6.36
-136,54,1939,5,7.27
-136,54,1939,6,9
-136,56,1939,3,5.45
-136,56,1939,4,6.19
-136,56,1939,5,7.02
-136,56,1939,6,8.94
-136,58,1939,3,5.22
-136,58,1939,4,6.09
-136,58,1939,5,6.91
-136,58,1939,6,9.02
-134,48,1939,3,7.47
-134,48,1939,4,7.71
-134,48,1939,5,8.95
-134,48,1939,6,10.41
-134,50,1939,3,6.84
-134,50,1939,4,7.16
-134,50,1939,5,8.38
-134,50,1939,6,9.91
-134,52,1939,3,6.41
-134,52,1939,4,6.87
-134,52,1939,5,8
-134,52,1939,6,9.64
-134,54,1939,3,6.03
-134,54,1939,4,6.66
-134,54,1939,5,7.66
-134,54,1939,6,9.43
-134,56,1939,3,5.61
-134,56,1939,4,6.4
-134,56,1939,5,7.29
-134,56,1939,6,9.22
-134,58,1939,3,5.32
-134,58,1939,4,6.21
-134,58,1939,5,7.04
-134,58,1939,6,9.13
-132,48,1939,3,7.69
-132,48,1939,4,8.13
-132,48,1939,5,9.51
-132,48,1939,6,11.01
-132,50,1939,3,7.12
-132,50,1939,4,7.63
-132,50,1939,5,8.99
-132,50,1939,6,10.58
-132,52,1939,3,6.65
-132,52,1939,4,7.29
-132,52,1939,5,8.58
-132,52,1939,6,10.31
-132,54,1939,3,6.16
-132,54,1939,4,6.92
-132,54,1939,5,8.11
-132,54,1939,6,10.01
-132,56,1939,3,5.77
-132,56,1939,4,6.61
-132,56,1939,5,7.65
-132,56,1939,6,9.67
-130,48,1939,3,7.92
-130,48,1939,4,8.59
-130,48,1939,5,10.16
-130,48,1939,6,11.67
-130,50,1939,3,7.43
-130,50,1939,4,8.15
-130,50,1939,5,9.66
-130,50,1939,6,11.26
-130,52,1939,3,6.91
-130,52,1939,4,7.71
-130,52,1939,5,9.19
-130,52,1939,6,10.96
-130,54,1939,3,6.4
-130,54,1939,4,7.25
-130,54,1939,5,8.63
-130,54,1939,6,10.62
-128,48,1939,3,8.19
-128,48,1939,4,9.12
-128,48,1939,5,10.9
-128,48,1939,6,12.38
-128,50,1939,3,7.73
-128,50,1939,4,8.69
-128,50,1939,5,10.41
-128,50,1939,6,11.96
-128,52,1939,3,7.25
-128,52,1939,4,8.19
-128,52,1939,5,9.83
-128,52,1939,6,11.57
-126,48,1939,3,8.4
-126,48,1939,4,9.61
-126,48,1939,5,11.61
-126,48,1939,6,13.04
-126,50,1939,3,8.02
-126,50,1939,4,9.3
-126,50,1939,5,11.28
-126,50,1939,6,12.8
-136,48,1940,3,7.8
-136,48,1940,4,8.33
-136,48,1940,5,9.56
-136,48,1940,6,12.04
-136,50,1940,3,7.46
-136,50,1940,4,7.98
-136,50,1940,5,9.28
-136,50,1940,6,11.67
-136,52,1940,3,7.44
-136,52,1940,4,7.93
-136,52,1940,5,9.24
-136,52,1940,6,11.54
-136,54,1940,3,7.44
-136,54,1940,4,7.9
-136,54,1940,5,9.16
-136,54,1940,6,11.41
-136,56,1940,3,7.38
-136,56,1940,4,7.83
-136,56,1940,5,9.07
-136,56,1940,6,11.32
-136,58,1940,3,7.3
-136,58,1940,4,7.77
-136,58,1940,5,9.03
-136,58,1940,6,11.33
-134,48,1940,3,8.34
-134,48,1940,4,8.8
-134,48,1940,5,9.94
-134,48,1940,6,12.43
-134,50,1940,3,7.94
-134,50,1940,4,8.4
-134,50,1940,5,9.61
-134,50,1940,6,12.04
-134,52,1940,3,7.93
-134,52,1940,4,8.4
-134,52,1940,5,9.61
-134,52,1940,6,11.94
-134,54,1940,3,7.87
-134,54,1940,4,8.32
-134,54,1940,5,9.51
-134,54,1940,6,11.76
-134,56,1940,3,7.67
-134,56,1940,4,8.12
-134,56,1940,5,9.3
-134,56,1940,6,11.52
-134,58,1940,3,7.49
-134,58,1940,4,7.95
-134,58,1940,5,9.14
-134,58,1940,6,11.38
-132,48,1940,3,8.87
-132,48,1940,4,9.28
-132,48,1940,5,10.37
-132,48,1940,6,12.84
-132,50,1940,3,8.49
-132,50,1940,4,8.92
-132,50,1940,5,10.08
-132,50,1940,6,12.5
-132,52,1940,3,8.33
-132,52,1940,4,8.81
-132,52,1940,5,10.01
-132,52,1940,6,12.38
-132,54,1940,3,8.12
-132,54,1940,4,8.62
-132,54,1940,5,9.85
-132,54,1940,6,12.18
-132,56,1940,3,7.88
-132,56,1940,4,8.36
-132,56,1940,5,9.56
-132,56,1940,6,11.86
-130,48,1940,3,9.38
-130,48,1940,4,9.78
-130,48,1940,5,10.88
-130,48,1940,6,13.26
-130,50,1940,3,9
-130,50,1940,4,9.45
-130,50,1940,5,10.6
-130,50,1940,6,12.95
-130,52,1940,3,8.67
-130,52,1940,4,9.18
-130,52,1940,5,10.41
-130,52,1940,6,12.79
-130,54,1940,3,8.36
-130,54,1940,4,8.89
-130,54,1940,5,10.16
-130,54,1940,6,12.58
-128,48,1940,3,9.85
-128,48,1940,4,10.31
-128,48,1940,5,11.49
-128,48,1940,6,13.73
-128,50,1940,3,9.46
-128,50,1940,4,9.98
-128,50,1940,5,11.18
-128,50,1940,6,13.41
-128,52,1940,3,9.04
-128,52,1940,4,9.57
-128,52,1940,5,10.81
-128,52,1940,6,13.13
-126,48,1940,3,10.2
-126,48,1940,4,10.79
-126,48,1940,5,12.1
-126,48,1940,6,14.19
-126,50,1940,3,9.88
-126,50,1940,4,10.53
-126,50,1940,5,11.88
-126,50,1940,6,14
-136,48,1941,3,8.24
-136,48,1941,4,9.01
-136,48,1941,5,9.48
-136,48,1941,6,11.29
-136,50,1941,3,7.86
-136,50,1941,4,8.71
-136,50,1941,5,9.36
-136,50,1941,6,11.28
-136,52,1941,3,7.72
-136,52,1941,4,8.58
-136,52,1941,5,9.42
-136,52,1941,6,11.41
-136,54,1941,3,7.56
-136,54,1941,4,8.37
-136,54,1941,5,9.4
-136,54,1941,6,11.43
-136,56,1941,3,7.32
-136,56,1941,4,8.1
-136,56,1941,5,9.32
-136,56,1941,6,11.39
-136,58,1941,3,7.13
-136,58,1941,4,7.88
-136,58,1941,5,9.24
-136,58,1941,6,11.33
-134,48,1941,3,8.78
-134,48,1941,4,9.44
-134,48,1941,5,10
-134,48,1941,6,11.9
-134,50,1941,3,8.32
-134,50,1941,4,9.07
-134,50,1941,5,9.8
-134,50,1941,6,11.78
-134,52,1941,3,8.17
-134,52,1941,4,8.96
-134,52,1941,5,9.85
-134,52,1941,6,11.86
-134,54,1941,3,7.93
-134,54,1941,4,8.7
-134,54,1941,5,9.75
-134,54,1941,6,11.74
-134,56,1941,3,7.55
-134,56,1941,4,8.31
-134,56,1941,5,9.51
-134,56,1941,6,11.49
-134,58,1941,3,7.27
-134,58,1941,4,7.99
-134,58,1941,5,9.29
-134,58,1941,6,11.26
-132,48,1941,3,9.36
-132,48,1941,4,9.92
-132,48,1941,5,10.64
-132,48,1941,6,12.6
-132,50,1941,3,8.89
-132,50,1941,4,9.56
-132,50,1941,5,10.42
-132,50,1941,6,12.43
-132,52,1941,3,8.57
-132,52,1941,4,9.32
-132,52,1941,5,10.35
-132,52,1941,6,12.38
-132,54,1941,3,8.18
-132,54,1941,4,8.96
-132,54,1941,5,10.13
-132,54,1941,6,12.14
-132,56,1941,3,7.78
-132,56,1941,4,8.53
-132,56,1941,5,9.76
-132,56,1941,6,11.73
-130,48,1941,3,9.94
-130,48,1941,4,10.45
-130,48,1941,5,11.4
-130,48,1941,6,13.35
-130,50,1941,3,9.46
-130,50,1941,4,10.09
-130,50,1941,5,11.14
-130,50,1941,6,13.11
-130,52,1941,3,8.96
-130,52,1941,4,9.7
-130,52,1941,5,10.88
-130,52,1941,6,12.88
-130,54,1941,3,8.49
-130,54,1941,4,9.26
-130,54,1941,5,10.52
-130,54,1941,6,12.52
-128,48,1941,3,10.5
-128,48,1941,4,11.04
-128,48,1941,5,12.24
-128,48,1941,6,14.13
-128,50,1941,3,10
-128,50,1941,4,10.66
-128,50,1941,5,11.92
-128,50,1941,6,13.79
-128,52,1941,3,9.42
-128,52,1941,4,10.14
-128,52,1941,5,11.43
-128,52,1941,6,13.33
-126,48,1941,3,10.94
-126,48,1941,4,11.58
-126,48,1941,5,13.04
-126,48,1941,6,14.83
-126,50,1941,3,10.51
-126,50,1941,4,11.28
-126,50,1941,5,12.81
-126,50,1941,6,14.57
-136,48,1942,3,8.84
-136,48,1942,4,8.69
-136,48,1942,5,9.14
-136,48,1942,6,10.77
-136,50,1942,3,8.18
-136,50,1942,4,8.2
-136,50,1942,5,8.83
-136,50,1942,6,10.56
-136,52,1942,3,7.76
-136,52,1942,4,7.95
-136,52,1942,5,8.79
-136,52,1942,6,10.64
-136,54,1942,3,7.36
-136,54,1942,4,7.72
-136,54,1942,5,8.78
-136,54,1942,6,10.73
-136,56,1942,3,6.99
-136,56,1942,4,7.53
-136,56,1942,5,8.8
-136,56,1942,6,10.84
-136,58,1942,3,6.78
-136,58,1942,4,7.44
-136,58,1942,5,8.85
-136,58,1942,6,10.94
-134,48,1942,3,9.09
-134,48,1942,4,8.94
-134,48,1942,5,9.49
-134,48,1942,6,11.17
-134,50,1942,3,8.54
-134,50,1942,4,8.56
-134,50,1942,5,9.26
-134,50,1942,6,11.03
-134,52,1942,3,8.09
-134,52,1942,4,8.29
-134,52,1942,5,9.15
-134,52,1942,6,10.99
-134,54,1942,3,7.68
-134,54,1942,4,8.06
-134,54,1942,5,9.07
-134,54,1942,6,10.97
-134,56,1942,3,7.24
-134,56,1942,4,7.79
-134,56,1942,5,8.95
-134,56,1942,6,10.9
-134,58,1942,3,6.95
-134,58,1942,4,7.61
-134,58,1942,5,8.86
-134,58,1942,6,10.85
-132,48,1942,3,9.34
-132,48,1942,4,9.25
-132,48,1942,5,9.94
-132,48,1942,6,11.64
-132,50,1942,3,8.85
-132,50,1942,4,8.93
-132,50,1942,5,9.74
-132,50,1942,6,11.51
-132,52,1942,3,8.4
-132,52,1942,4,8.68
-132,52,1942,5,9.63
-132,52,1942,6,11.47
-132,54,1942,3,7.89
-132,54,1942,4,8.34
-132,54,1942,5,9.41
-132,54,1942,6,11.32
-132,56,1942,3,7.47
-132,56,1942,4,8.04
-132,56,1942,5,9.17
-132,56,1942,6,11.11
-130,48,1942,3,9.58
-130,48,1942,4,9.61
-130,48,1942,5,10.47
-130,48,1942,6,12.16
-130,50,1942,3,9.15
-130,50,1942,4,9.33
-130,50,1942,5,10.29
-130,50,1942,6,12.01
-130,52,1942,3,8.71
-130,52,1942,4,9.06
-130,52,1942,5,10.14
-130,52,1942,6,11.94
-130,54,1942,3,8.18
-130,54,1942,4,8.67
-130,54,1942,5,9.8
-130,54,1942,6,11.7
-128,48,1942,3,9.84
-128,48,1942,4,10.04
-128,48,1942,5,11.09
-128,48,1942,6,12.72
-128,50,1942,3,9.42
-128,50,1942,4,9.76
-128,50,1942,5,10.89
-128,50,1942,6,12.51
-128,52,1942,3,9.05
-128,52,1942,4,9.47
-128,52,1942,5,10.63
-128,52,1942,6,12.33
-126,48,1942,3,10.02
-126,48,1942,4,10.46
-126,48,1942,5,11.71
-126,48,1942,6,13.28
-126,50,1942,3,9.62
-126,50,1942,4,10.19
-126,50,1942,5,11.54
-126,50,1942,6,13.07
-136,48,1943,3,7.39
-136,48,1943,4,7.77
-136,48,1943,5,8.66
-136,48,1943,6,10.78
-136,50,1943,3,6.65
-136,50,1943,4,7.01
-136,50,1943,5,8.14
-136,50,1943,6,10.3
-136,52,1943,3,6.21
-136,52,1943,4,6.45
-136,52,1943,5,7.88
-136,52,1943,6,10.17
-136,54,1943,3,5.81
-136,54,1943,4,5.84
-136,54,1943,5,7.63
-136,54,1943,6,10.13
-136,56,1943,3,5.47
-136,56,1943,4,5.3
-136,56,1943,5,7.42
-136,56,1943,6,10.16
-136,58,1943,3,5.27
-136,58,1943,4,4.97
-136,58,1943,5,7.36
-136,58,1943,6,10.29
-134,48,1943,3,7.73
-134,48,1943,4,7.96
-134,48,1943,5,8.92
-134,48,1943,6,11.02
-134,50,1943,3,7.05
-134,50,1943,4,7.26
-134,50,1943,5,8.49
-134,50,1943,6,10.67
-134,52,1943,3,6.55
-134,52,1943,4,6.64
-134,52,1943,5,8.19
-134,52,1943,6,10.5
-134,54,1943,3,6.1
-134,54,1943,4,6.01
-134,54,1943,5,7.91
-134,54,1943,6,10.41
-134,56,1943,3,5.7
-134,56,1943,4,5.44
-134,56,1943,5,7.66
-134,56,1943,6,10.35
-134,58,1943,3,5.41
-134,58,1943,4,5.04
-134,58,1943,5,7.48
-134,58,1943,6,10.34
-132,48,1943,3,8.07
-132,48,1943,4,8.21
-132,48,1943,5,9.23
-132,48,1943,6,11.28
-132,50,1943,3,7.43
-132,50,1943,4,7.54
-132,50,1943,5,8.86
-132,50,1943,6,11.02
-132,52,1943,3,6.9
-132,52,1943,4,6.92
-132,52,1943,5,8.59
-132,52,1943,6,10.92
-132,54,1943,3,6.33
-132,54,1943,4,6.22
-132,54,1943,5,8.25
-132,54,1943,6,10.79
-132,56,1943,3,5.9
-132,56,1943,4,5.63
-132,56,1943,5,7.92
-132,56,1943,6,10.62
-130,48,1943,3,8.41
-130,48,1943,4,8.54
-130,48,1943,5,9.64
-130,48,1943,6,11.57
-130,50,1943,3,7.8
-130,50,1943,4,7.89
-130,50,1943,5,9.29
-130,50,1943,6,11.36
-130,52,1943,3,7.25
-130,52,1943,4,7.27
-130,52,1943,5,9.02
-130,52,1943,6,11.31
-130,54,1943,3,6.65
-130,54,1943,4,6.55
-130,54,1943,5,8.62
-130,54,1943,6,11.16
-128,48,1943,3,8.75
-128,48,1943,4,8.98
-128,48,1943,5,10.16
-128,48,1943,6,11.95
-128,50,1943,3,8.17
-128,50,1943,4,8.34
-128,50,1943,5,9.8
-128,50,1943,6,11.72
-128,52,1943,3,7.68
-128,52,1943,4,7.73
-128,52,1943,5,9.46
-128,52,1943,6,11.62
-126,48,1943,3,9.02
-126,48,1943,4,9.41
-126,48,1943,5,10.72
-126,48,1943,6,12.37
-126,50,1943,3,8.49
-126,50,1943,4,8.85
-126,50,1943,5,10.4
-126,50,1943,6,12.18
-136,48,1944,3,7.69
-136,48,1944,4,7.6
-136,48,1944,5,8.58
-136,48,1944,6,10.16
-136,50,1944,3,7.19
-136,50,1944,4,7.17
-136,50,1944,5,8.14
-136,50,1944,6,9.8
-136,52,1944,3,7.01
-136,52,1944,4,7.08
-136,52,1944,5,8.06
-136,52,1944,6,9.88
-136,54,1944,3,6.88
-136,54,1944,4,7.02
-136,54,1944,5,8.08
-136,54,1944,6,10.11
-136,56,1944,3,6.77
-136,56,1944,4,6.96
-136,56,1944,5,8.15
-136,56,1944,6,10.39
-136,58,1944,3,6.68
-136,58,1944,4,6.91
-136,58,1944,5,8.22
-136,58,1944,6,10.62
-134,48,1944,3,7.89
-134,48,1944,4,7.91
-134,48,1944,5,8.94
-134,48,1944,6,10.52
-134,50,1944,3,7.5
-134,50,1944,4,7.6
-134,50,1944,5,8.63
-134,50,1944,6,10.34
-134,52,1944,3,7.31
-134,52,1944,4,7.48
-134,52,1944,5,8.54
-134,52,1944,6,10.41
-134,54,1944,3,7.17
-134,54,1944,4,7.39
-134,54,1944,5,8.52
-134,54,1944,6,10.59
-134,56,1944,3,7
-134,56,1944,4,7.27
-134,56,1944,5,8.49
-134,56,1944,6,10.73
-134,58,1944,3,6.82
-134,58,1944,4,7.11
-134,58,1944,5,8.41
-134,58,1944,6,10.79
-132,48,1944,3,8.11
-132,48,1944,4,8.27
-132,48,1944,5,9.4
-132,48,1944,6,10.96
-132,50,1944,3,7.77
-132,50,1944,4,8
-132,50,1944,5,9.16
-132,50,1944,6,10.88
-132,52,1944,3,7.59
-132,52,1944,4,7.88
-132,52,1944,5,9.11
-132,52,1944,6,11.02
-132,54,1944,3,7.34
-132,54,1944,4,7.69
-132,54,1944,5,9
-132,54,1944,6,11.12
-132,56,1944,3,7.18
-132,56,1944,4,7.52
-132,56,1944,5,8.85
-132,56,1944,6,11.13
-130,48,1944,3,8.32
-130,48,1944,4,8.66
-130,48,1944,5,9.92
-130,48,1944,6,11.43
-130,50,1944,3,8.02
-130,50,1944,4,8.4
-130,50,1944,5,9.73
-130,50,1944,6,11.38
-130,52,1944,3,7.82
-130,52,1944,4,8.25
-130,52,1944,5,9.67
-130,52,1944,6,11.53
-130,54,1944,3,7.54
-130,54,1944,4,7.99
-130,54,1944,5,9.45
-130,54,1944,6,11.57
-128,48,1944,3,8.54
-128,48,1944,4,9.08
-128,48,1944,5,10.53
-128,48,1944,6,11.95
-128,50,1944,3,8.23
-128,50,1944,4,8.8
-128,50,1944,5,10.33
-128,50,1944,6,11.86
-128,52,1944,3,8.07
-128,52,1944,4,8.61
-128,52,1944,5,10.18
-128,52,1944,6,11.92
-126,48,1944,3,8.68
-126,48,1944,4,9.48
-126,48,1944,5,11.13
-126,48,1944,6,12.46
-126,50,1944,3,8.35
-126,50,1944,4,9.19
-126,50,1944,5,10.98
-126,50,1944,6,12.38
-136,48,1945,3,8.36
-136,48,1945,4,9.48
-136,48,1945,5,9.42
-136,48,1945,6,10.99
-136,50,1945,3,7.76
-136,50,1945,4,9.3
-136,50,1945,5,8.67
-136,50,1945,6,10.15
-136,52,1945,3,7.49
-136,52,1945,4,9.44
-136,52,1945,5,8.24
-136,52,1945,6,9.68
-136,54,1945,3,7.3
-136,54,1945,4,9.61
-136,54,1945,5,7.89
-136,54,1945,6,9.35
-136,56,1945,3,7.09
-136,56,1945,4,9.68
-136,56,1945,5,7.61
-136,56,1945,6,9.13
-136,58,1945,3,7
-136,58,1945,4,9.79
-136,58,1945,5,7.51
-136,58,1945,6,9.11
-134,48,1945,3,8.59
-134,48,1945,4,9.54
-134,48,1945,5,9.6
-134,48,1945,6,11.28
-134,50,1945,3,8.1
-134,50,1945,4,9.51
-134,50,1945,5,8.97
-134,50,1945,6,10.62
-134,52,1945,3,7.81
-134,52,1945,4,9.68
-134,52,1945,5,8.52
-134,52,1945,6,10.15
-134,54,1945,3,7.58
-134,54,1945,4,9.88
-134,54,1945,5,8.15
-134,54,1945,6,9.79
-134,56,1945,3,7.3
-134,56,1945,4,9.91
-134,56,1945,5,7.77
-134,56,1945,6,9.43
-134,58,1945,3,7.15
-134,58,1945,4,9.99
-134,58,1945,5,7.57
-134,58,1945,6,9.27
-132,48,1945,3,8.88
-132,48,1945,4,9.62
-132,48,1945,5,9.89
-132,48,1945,6,11.64
-132,50,1945,3,8.44
-132,50,1945,4,9.66
-132,50,1945,5,9.34
-132,50,1945,6,11.11
-132,52,1945,3,8.14
-132,52,1945,4,9.88
-132,52,1945,5,8.97
-132,52,1945,6,10.76
-132,54,1945,3,7.8
-132,54,1945,4,10.01
-132,54,1945,5,8.55
-132,54,1945,6,10.38
-132,56,1945,3,7.54
-132,56,1945,4,10.09
-132,56,1945,5,8.12
-132,56,1945,6,9.95
-130,48,1945,3,9.17
-130,48,1945,4,9.72
-130,48,1945,5,10.29
-130,48,1945,6,12.02
-130,50,1945,3,8.78
-130,50,1945,4,9.78
-130,50,1945,5,9.82
-130,50,1945,6,11.59
-130,52,1945,3,8.47
-130,52,1945,4,10.01
-130,52,1945,5,9.48
-130,52,1945,6,11.34
-130,54,1945,3,8.11
-130,54,1945,4,10.12
-130,54,1945,5,9.04
-130,54,1945,6,10.99
-128,48,1945,3,9.46
-128,48,1945,4,9.87
-128,48,1945,5,10.81
-128,48,1945,6,12.46
-128,50,1945,3,9.09
-128,50,1945,4,9.91
-128,50,1945,5,10.39
-128,50,1945,6,12.08
-128,52,1945,3,8.84
-128,52,1945,4,10.11
-128,52,1945,5,10.03
-128,52,1945,6,11.84
-126,48,1945,3,9.67
-126,48,1945,4,10.04
-126,48,1945,5,11.37
-126,48,1945,6,12.91
-126,50,1945,3,9.33
-126,50,1945,4,10.01
-126,50,1945,5,11.05
-126,50,1945,6,12.65
-136,48,1946,3,7.36
-136,48,1946,4,7.25
-136,48,1946,5,8.28
-136,48,1946,6,10.33
-136,50,1946,3,6.22
-136,50,1946,4,6.99
-136,50,1946,5,8.46
-136,50,1946,6,9.97
-136,52,1946,3,5.31
-136,52,1946,4,7.12
-136,52,1946,5,9.13
-136,52,1946,6,9.92
-136,54,1946,3,4.47
-136,54,1946,4,7.32
-136,54,1946,5,9.91
-136,54,1946,6,9.9
-136,56,1946,3,3.69
-136,56,1946,4,7.45
-136,56,1946,5,10.59
-136,56,1946,6,9.89
-136,58,1946,3,3.24
-136,58,1946,4,7.52
-136,58,1946,5,11.06
-136,58,1946,6,9.87
-134,48,1946,3,7.58
-134,48,1946,4,7.31
-134,48,1946,5,8.53
-134,48,1946,6,10.57
-134,50,1946,3,6.63
-134,50,1946,4,7.05
-134,50,1946,5,8.75
-134,50,1946,6,10.19
-134,52,1946,3,5.78
-134,52,1946,4,7.04
-134,52,1946,5,9.31
-134,52,1946,6,9.94
-134,54,1946,3,4.98
-134,54,1946,4,7.14
-134,54,1946,5,9.99
-134,54,1946,6,9.75
-134,56,1946,3,4.15
-134,56,1946,4,7.15
-134,56,1946,5,10.51
-134,56,1946,6,9.54
-134,58,1946,3,3.63
-134,58,1946,4,7.19
-134,58,1946,5,10.89
-134,58,1946,6,9.42
-132,48,1946,3,7.78
-132,48,1946,4,7.5
-132,48,1946,5,8.84
-132,48,1946,6,10.88
-132,50,1946,3,6.96
-132,50,1946,4,7.21
-132,50,1946,5,9.05
-132,50,1946,6,10.46
-132,52,1946,3,6.21
-132,52,1946,4,7.13
-132,52,1946,5,9.57
-132,52,1946,6,10.18
-132,54,1946,3,5.41
-132,54,1946,4,7.05
-132,54,1946,5,10.08
-132,54,1946,6,9.87
-132,56,1946,3,4.68
-132,56,1946,4,7.03
-132,56,1946,5,10.48
-132,56,1946,6,9.56
-130,48,1946,3,7.94
-130,48,1946,4,7.8
-130,48,1946,5,9.22
-130,48,1946,6,11.27
-130,50,1946,3,7.26
-130,50,1946,4,7.48
-130,50,1946,5,9.39
-130,50,1946,6,10.8
-130,52,1946,3,6.62
-130,52,1946,4,7.32
-130,52,1946,5,9.81
-130,52,1946,6,10.51
-130,54,1946,3,5.92
-130,54,1946,4,7.13
-130,54,1946,5,10.16
-130,54,1946,6,10.14
-128,48,1946,3,8.1
-128,48,1946,4,8.21
-128,48,1946,5,9.69
-128,48,1946,6,11.73
-128,50,1946,3,7.52
-128,50,1946,4,7.86
-128,50,1946,5,9.78
-128,50,1946,6,11.23
-128,52,1946,3,7.06
-128,52,1946,4,7.63
-128,52,1946,5,10.02
-128,52,1946,6,10.86
-126,48,1946,3,8.19
-126,48,1946,4,8.63
-126,48,1946,5,10.19
-126,48,1946,6,12.21
-126,50,1946,3,7.68
-126,50,1946,4,8.27
-126,50,1946,5,10.2
-126,50,1946,6,11.76